sample_id,subject_id,session_id,media_path,label,label_source,split,recorded_sex
01-01-01-01-01-01-01,actor-01,01-01-01-01-01-01-01,data\ravdess\Actor_01\01-01-01-01-01-01-01.mp4,neutral,RAVDESS acted emotion,validation,male
01-01-01-01-01-02-01,actor-01,01-01-01-01-01-02-01,data\ravdess\Actor_01\01-01-01-01-01-02-01.mp4,neutral,RAVDESS acted emotion,validation,male
01-01-01-01-02-01-01,actor-01,01-01-01-01-02-01-01,data\ravdess\Actor_01\01-01-01-01-02-01-01.mp4,neutral,RAVDESS acted emotion,validation,male
01-01-01-01-02-02-01,actor-01,01-01-01-01-02-02-01,data\ravdess\Actor_01\01-01-01-01-02-02-01.mp4,neutral,RAVDESS acted emotion,validation,male
01-01-02-01-01-01-01,actor-01,01-01-02-01-01-01-01,data\ravdess\Actor_01\01-01-02-01-01-01-01.mp4,calm,RAVDESS acted emotion,validation,male
01-01-02-01-01-02-01,actor-01,01-01-02-01-01-02-01,data\ravdess\Actor_01\01-01-02-01-01-02-01.mp4,calm,RAVDESS acted emotion,validation,male
01-01-02-01-02-01-01,actor-01,01-01-02-01-02-01-01,data\ravdess\Actor_01\01-01-02-01-02-01-01.mp4,calm,RAVDESS acted emotion,validation,male
01-01-02-01-02-02-01,actor-01,01-01-02-01-02-02-01,data\ravdess\Actor_01\01-01-02-01-02-02-01.mp4,calm,RAVDESS acted emotion,validation,male
01-01-02-02-01-01-01,actor-01,01-01-02-02-01-01-01,data\ravdess\Actor_01\01-01-02-02-01-01-01.mp4,calm,RAVDESS acted emotion,validation,male
01-01-02-02-01-02-01,actor-01,01-01-02-02-01-02-01,data\ravdess\Actor_01\01-01-02-02-01-02-01.mp4,calm,RAVDESS acted emotion,validation,male
01-01-02-02-02-01-01,actor-01,01-01-02-02-02-01-01,data\ravdess\Actor_01\01-01-02-02-02-01-01.mp4,calm,RAVDESS acted emotion,validation,male
01-01-02-02-02-02-01,actor-01,01-01-02-02-02-02-01,data\ravdess\Actor_01\01-01-02-02-02-02-01.mp4,calm,RAVDESS acted emotion,validation,male
01-01-03-01-01-01-01,actor-01,01-01-03-01-01-01-01,data\ravdess\Actor_01\01-01-03-01-01-01-01.mp4,happy,RAVDESS acted emotion,validation,male
01-01-03-01-01-02-01,actor-01,01-01-03-01-01-02-01,data\ravdess\Actor_01\01-01-03-01-01-02-01.mp4,happy,RAVDESS acted emotion,validation,male
01-01-03-01-02-01-01,actor-01,01-01-03-01-02-01-01,data\ravdess\Actor_01\01-01-03-01-02-01-01.mp4,happy,RAVDESS acted emotion,validation,male
01-01-03-01-02-02-01,actor-01,01-01-03-01-02-02-01,data\ravdess\Actor_01\01-01-03-01-02-02-01.mp4,happy,RAVDESS acted emotion,validation,male
01-01-03-02-01-01-01,actor-01,01-01-03-02-01-01-01,data\ravdess\Actor_01\01-01-03-02-01-01-01.mp4,happy,RAVDESS acted emotion,validation,male
01-01-03-02-01-02-01,actor-01,01-01-03-02-01-02-01,data\ravdess\Actor_01\01-01-03-02-01-02-01.mp4,happy,RAVDESS acted emotion,validation,male
01-01-03-02-02-01-01,actor-01,01-01-03-02-02-01-01,data\ravdess\Actor_01\01-01-03-02-02-01-01.mp4,happy,RAVDESS acted emotion,validation,male
01-01-03-02-02-02-01,actor-01,01-01-03-02-02-02-01,data\ravdess\Actor_01\01-01-03-02-02-02-01.mp4,happy,RAVDESS acted emotion,validation,male
01-01-04-01-01-01-01,actor-01,01-01-04-01-01-01-01,data\ravdess\Actor_01\01-01-04-01-01-01-01.mp4,sad,RAVDESS acted emotion,validation,male
01-01-04-01-01-02-01,actor-01,01-01-04-01-01-02-01,data\ravdess\Actor_01\01-01-04-01-01-02-01.mp4,sad,RAVDESS acted emotion,validation,male
01-01-04-01-02-01-01,actor-01,01-01-04-01-02-01-01,data\ravdess\Actor_01\01-01-04-01-02-01-01.mp4,sad,RAVDESS acted emotion,validation,male
01-01-04-01-02-02-01,actor-01,01-01-04-01-02-02-01,data\ravdess\Actor_01\01-01-04-01-02-02-01.mp4,sad,RAVDESS acted emotion,validation,male
01-01-04-02-01-01-01,actor-01,01-01-04-02-01-01-01,data\ravdess\Actor_01\01-01-04-02-01-01-01.mp4,sad,RAVDESS acted emotion,validation,male
01-01-04-02-01-02-01,actor-01,01-01-04-02-01-02-01,data\ravdess\Actor_01\01-01-04-02-01-02-01.mp4,sad,RAVDESS acted emotion,validation,male
01-01-04-02-02-01-01,actor-01,01-01-04-02-02-01-01,data\ravdess\Actor_01\01-01-04-02-02-01-01.mp4,sad,RAVDESS acted emotion,validation,male
01-01-04-02-02-02-01,actor-01,01-01-04-02-02-02-01,data\ravdess\Actor_01\01-01-04-02-02-02-01.mp4,sad,RAVDESS acted emotion,validation,male
01-01-05-01-01-01-01,actor-01,01-01-05-01-01-01-01,data\ravdess\Actor_01\01-01-05-01-01-01-01.mp4,angry,RAVDESS acted emotion,validation,male
01-01-05-01-01-02-01,actor-01,01-01-05-01-01-02-01,data\ravdess\Actor_01\01-01-05-01-01-02-01.mp4,angry,RAVDESS acted emotion,validation,male
01-01-05-01-02-01-01,actor-01,01-01-05-01-02-01-01,data\ravdess\Actor_01\01-01-05-01-02-01-01.mp4,angry,RAVDESS acted emotion,validation,male
01-01-05-01-02-02-01,actor-01,01-01-05-01-02-02-01,data\ravdess\Actor_01\01-01-05-01-02-02-01.mp4,angry,RAVDESS acted emotion,validation,male
01-01-05-02-01-01-01,actor-01,01-01-05-02-01-01-01,data\ravdess\Actor_01\01-01-05-02-01-01-01.mp4,angry,RAVDESS acted emotion,validation,male
01-01-05-02-01-02-01,actor-01,01-01-05-02-01-02-01,data\ravdess\Actor_01\01-01-05-02-01-02-01.mp4,angry,RAVDESS acted emotion,validation,male
01-01-05-02-02-01-01,actor-01,01-01-05-02-02-01-01,data\ravdess\Actor_01\01-01-05-02-02-01-01.mp4,angry,RAVDESS acted emotion,validation,male
01-01-05-02-02-02-01,actor-01,01-01-05-02-02-02-01,data\ravdess\Actor_01\01-01-05-02-02-02-01.mp4,angry,RAVDESS acted emotion,validation,male
01-01-06-01-01-01-01,actor-01,01-01-06-01-01-01-01,data\ravdess\Actor_01\01-01-06-01-01-01-01.mp4,fearful,RAVDESS acted emotion,validation,male
01-01-06-01-01-02-01,actor-01,01-01-06-01-01-02-01,data\ravdess\Actor_01\01-01-06-01-01-02-01.mp4,fearful,RAVDESS acted emotion,validation,male
01-01-06-01-02-01-01,actor-01,01-01-06-01-02-01-01,data\ravdess\Actor_01\01-01-06-01-02-01-01.mp4,fearful,RAVDESS acted emotion,validation,male
01-01-06-01-02-02-01,actor-01,01-01-06-01-02-02-01,data\ravdess\Actor_01\01-01-06-01-02-02-01.mp4,fearful,RAVDESS acted emotion,validation,male
01-01-06-02-01-01-01,actor-01,01-01-06-02-01-01-01,data\ravdess\Actor_01\01-01-06-02-01-01-01.mp4,fearful,RAVDESS acted emotion,validation,male
01-01-06-02-01-02-01,actor-01,01-01-06-02-01-02-01,data\ravdess\Actor_01\01-01-06-02-01-02-01.mp4,fearful,RAVDESS acted emotion,validation,male
01-01-06-02-02-01-01,actor-01,01-01-06-02-02-01-01,data\ravdess\Actor_01\01-01-06-02-02-01-01.mp4,fearful,RAVDESS acted emotion,validation,male
01-01-06-02-02-02-01,actor-01,01-01-06-02-02-02-01,data\ravdess\Actor_01\01-01-06-02-02-02-01.mp4,fearful,RAVDESS acted emotion,validation,male
01-01-07-01-01-01-01,actor-01,01-01-07-01-01-01-01,data\ravdess\Actor_01\01-01-07-01-01-01-01.mp4,disgust,RAVDESS acted emotion,validation,male
01-01-07-01-01-02-01,actor-01,01-01-07-01-01-02-01,data\ravdess\Actor_01\01-01-07-01-01-02-01.mp4,disgust,RAVDESS acted emotion,validation,male
01-01-07-01-02-01-01,actor-01,01-01-07-01-02-01-01,data\ravdess\Actor_01\01-01-07-01-02-01-01.mp4,disgust,RAVDESS acted emotion,validation,male
01-01-07-01-02-02-01,actor-01,01-01-07-01-02-02-01,data\ravdess\Actor_01\01-01-07-01-02-02-01.mp4,disgust,RAVDESS acted emotion,validation,male
01-01-07-02-01-01-01,actor-01,01-01-07-02-01-01-01,data\ravdess\Actor_01\01-01-07-02-01-01-01.mp4,disgust,RAVDESS acted emotion,validation,male
01-01-07-02-01-02-01,actor-01,01-01-07-02-01-02-01,data\ravdess\Actor_01\01-01-07-02-01-02-01.mp4,disgust,RAVDESS acted emotion,validation,male
01-01-07-02-02-01-01,actor-01,01-01-07-02-02-01-01,data\ravdess\Actor_01\01-01-07-02-02-01-01.mp4,disgust,RAVDESS acted emotion,validation,male
01-01-07-02-02-02-01,actor-01,01-01-07-02-02-02-01,data\ravdess\Actor_01\01-01-07-02-02-02-01.mp4,disgust,RAVDESS acted emotion,validation,male
01-01-08-01-01-01-01,actor-01,01-01-08-01-01-01-01,data\ravdess\Actor_01\01-01-08-01-01-01-01.mp4,surprised,RAVDESS acted emotion,validation,male
01-01-08-01-01-02-01,actor-01,01-01-08-01-01-02-01,data\ravdess\Actor_01\01-01-08-01-01-02-01.mp4,surprised,RAVDESS acted emotion,validation,male
01-01-08-01-02-01-01,actor-01,01-01-08-01-02-01-01,data\ravdess\Actor_01\01-01-08-01-02-01-01.mp4,surprised,RAVDESS acted emotion,validation,male
01-01-08-01-02-02-01,actor-01,01-01-08-01-02-02-01,data\ravdess\Actor_01\01-01-08-01-02-02-01.mp4,surprised,RAVDESS acted emotion,validation,male
01-01-08-02-01-01-01,actor-01,01-01-08-02-01-01-01,data\ravdess\Actor_01\01-01-08-02-01-01-01.mp4,surprised,RAVDESS acted emotion,validation,male
01-01-08-02-01-02-01,actor-01,01-01-08-02-01-02-01,data\ravdess\Actor_01\01-01-08-02-01-02-01.mp4,surprised,RAVDESS acted emotion,validation,male
01-01-08-02-02-01-01,actor-01,01-01-08-02-02-01-01,data\ravdess\Actor_01\01-01-08-02-02-01-01.mp4,surprised,RAVDESS acted emotion,validation,male
01-01-08-02-02-02-01,actor-01,01-01-08-02-02-02-01,data\ravdess\Actor_01\01-01-08-02-02-02-01.mp4,surprised,RAVDESS acted emotion,validation,male
01-01-01-01-01-01-02,actor-02,01-01-01-01-01-01-02,data\ravdess\Actor_02\01-01-01-01-01-01-02.mp4,neutral,RAVDESS acted emotion,test,female
01-01-01-01-01-02-02,actor-02,01-01-01-01-01-02-02,data\ravdess\Actor_02\01-01-01-01-01-02-02.mp4,neutral,RAVDESS acted emotion,test,female
01-01-01-01-02-01-02,actor-02,01-01-01-01-02-01-02,data\ravdess\Actor_02\01-01-01-01-02-01-02.mp4,neutral,RAVDESS acted emotion,test,female
01-01-01-01-02-02-02,actor-02,01-01-01-01-02-02-02,data\ravdess\Actor_02\01-01-01-01-02-02-02.mp4,neutral,RAVDESS acted emotion,test,female
01-01-02-01-01-01-02,actor-02,01-01-02-01-01-01-02,data\ravdess\Actor_02\01-01-02-01-01-01-02.mp4,calm,RAVDESS acted emotion,test,female
01-01-02-01-01-02-02,actor-02,01-01-02-01-01-02-02,data\ravdess\Actor_02\01-01-02-01-01-02-02.mp4,calm,RAVDESS acted emotion,test,female
01-01-02-01-02-01-02,actor-02,01-01-02-01-02-01-02,data\ravdess\Actor_02\01-01-02-01-02-01-02.mp4,calm,RAVDESS acted emotion,test,female
01-01-02-01-02-02-02,actor-02,01-01-02-01-02-02-02,data\ravdess\Actor_02\01-01-02-01-02-02-02.mp4,calm,RAVDESS acted emotion,test,female
01-01-02-02-01-01-02,actor-02,01-01-02-02-01-01-02,data\ravdess\Actor_02\01-01-02-02-01-01-02.mp4,calm,RAVDESS acted emotion,test,female
01-01-02-02-01-02-02,actor-02,01-01-02-02-01-02-02,data\ravdess\Actor_02\01-01-02-02-01-02-02.mp4,calm,RAVDESS acted emotion,test,female
01-01-02-02-02-01-02,actor-02,01-01-02-02-02-01-02,data\ravdess\Actor_02\01-01-02-02-02-01-02.mp4,calm,RAVDESS acted emotion,test,female
01-01-02-02-02-02-02,actor-02,01-01-02-02-02-02-02,data\ravdess\Actor_02\01-01-02-02-02-02-02.mp4,calm,RAVDESS acted emotion,test,female
01-01-03-01-01-01-02,actor-02,01-01-03-01-01-01-02,data\ravdess\Actor_02\01-01-03-01-01-01-02.mp4,happy,RAVDESS acted emotion,test,female
01-01-03-01-01-02-02,actor-02,01-01-03-01-01-02-02,data\ravdess\Actor_02\01-01-03-01-01-02-02.mp4,happy,RAVDESS acted emotion,test,female
01-01-03-01-02-01-02,actor-02,01-01-03-01-02-01-02,data\ravdess\Actor_02\01-01-03-01-02-01-02.mp4,happy,RAVDESS acted emotion,test,female
01-01-03-01-02-02-02,actor-02,01-01-03-01-02-02-02,data\ravdess\Actor_02\01-01-03-01-02-02-02.mp4,happy,RAVDESS acted emotion,test,female
01-01-03-02-01-01-02,actor-02,01-01-03-02-01-01-02,data\ravdess\Actor_02\01-01-03-02-01-01-02.mp4,happy,RAVDESS acted emotion,test,female
01-01-03-02-01-02-02,actor-02,01-01-03-02-01-02-02,data\ravdess\Actor_02\01-01-03-02-01-02-02.mp4,happy,RAVDESS acted emotion,test,female
01-01-03-02-02-01-02,actor-02,01-01-03-02-02-01-02,data\ravdess\Actor_02\01-01-03-02-02-01-02.mp4,happy,RAVDESS acted emotion,test,female
01-01-03-02-02-02-02,actor-02,01-01-03-02-02-02-02,data\ravdess\Actor_02\01-01-03-02-02-02-02.mp4,happy,RAVDESS acted emotion,test,female
01-01-04-01-01-01-02,actor-02,01-01-04-01-01-01-02,data\ravdess\Actor_02\01-01-04-01-01-01-02.mp4,sad,RAVDESS acted emotion,test,female
01-01-04-01-01-02-02,actor-02,01-01-04-01-01-02-02,data\ravdess\Actor_02\01-01-04-01-01-02-02.mp4,sad,RAVDESS acted emotion,test,female
01-01-04-01-02-01-02,actor-02,01-01-04-01-02-01-02,data\ravdess\Actor_02\01-01-04-01-02-01-02.mp4,sad,RAVDESS acted emotion,test,female
01-01-04-01-02-02-02,actor-02,01-01-04-01-02-02-02,data\ravdess\Actor_02\01-01-04-01-02-02-02.mp4,sad,RAVDESS acted emotion,test,female
01-01-04-02-01-01-02,actor-02,01-01-04-02-01-01-02,data\ravdess\Actor_02\01-01-04-02-01-01-02.mp4,sad,RAVDESS acted emotion,test,female
01-01-04-02-01-02-02,actor-02,01-01-04-02-01-02-02,data\ravdess\Actor_02\01-01-04-02-01-02-02.mp4,sad,RAVDESS acted emotion,test,female
01-01-04-02-02-01-02,actor-02,01-01-04-02-02-01-02,data\ravdess\Actor_02\01-01-04-02-02-01-02.mp4,sad,RAVDESS acted emotion,test,female
01-01-04-02-02-02-02,actor-02,01-01-04-02-02-02-02,data\ravdess\Actor_02\01-01-04-02-02-02-02.mp4,sad,RAVDESS acted emotion,test,female
01-01-05-01-01-01-02,actor-02,01-01-05-01-01-01-02,data\ravdess\Actor_02\01-01-05-01-01-01-02.mp4,angry,RAVDESS acted emotion,test,female
01-01-05-01-01-02-02,actor-02,01-01-05-01-01-02-02,data\ravdess\Actor_02\01-01-05-01-01-02-02.mp4,angry,RAVDESS acted emotion,test,female
01-01-05-01-02-01-02,actor-02,01-01-05-01-02-01-02,data\ravdess\Actor_02\01-01-05-01-02-01-02.mp4,angry,RAVDESS acted emotion,test,female
01-01-05-01-02-02-02,actor-02,01-01-05-01-02-02-02,data\ravdess\Actor_02\01-01-05-01-02-02-02.mp4,angry,RAVDESS acted emotion,test,female
01-01-05-02-01-01-02,actor-02,01-01-05-02-01-01-02,data\ravdess\Actor_02\01-01-05-02-01-01-02.mp4,angry,RAVDESS acted emotion,test,female
01-01-05-02-01-02-02,actor-02,01-01-05-02-01-02-02,data\ravdess\Actor_02\01-01-05-02-01-02-02.mp4,angry,RAVDESS acted emotion,test,female
01-01-05-02-02-01-02,actor-02,01-01-05-02-02-01-02,data\ravdess\Actor_02\01-01-05-02-02-01-02.mp4,angry,RAVDESS acted emotion,test,female
01-01-05-02-02-02-02,actor-02,01-01-05-02-02-02-02,data\ravdess\Actor_02\01-01-05-02-02-02-02.mp4,angry,RAVDESS acted emotion,test,female
01-01-06-01-01-01-02,actor-02,01-01-06-01-01-01-02,data\ravdess\Actor_02\01-01-06-01-01-01-02.mp4,fearful,RAVDESS acted emotion,test,female
01-01-06-01-01-02-02,actor-02,01-01-06-01-01-02-02,data\ravdess\Actor_02\01-01-06-01-01-02-02.mp4,fearful,RAVDESS acted emotion,test,female
01-01-06-01-02-01-02,actor-02,01-01-06-01-02-01-02,data\ravdess\Actor_02\01-01-06-01-02-01-02.mp4,fearful,RAVDESS acted emotion,test,female
01-01-06-01-02-02-02,actor-02,01-01-06-01-02-02-02,data\ravdess\Actor_02\01-01-06-01-02-02-02.mp4,fearful,RAVDESS acted emotion,test,female
01-01-06-02-01-01-02,actor-02,01-01-06-02-01-01-02,data\ravdess\Actor_02\01-01-06-02-01-01-02.mp4,fearful,RAVDESS acted emotion,test,female
01-01-06-02-01-02-02,actor-02,01-01-06-02-01-02-02,data\ravdess\Actor_02\01-01-06-02-01-02-02.mp4,fearful,RAVDESS acted emotion,test,female
01-01-06-02-02-01-02,actor-02,01-01-06-02-02-01-02,data\ravdess\Actor_02\01-01-06-02-02-01-02.mp4,fearful,RAVDESS acted emotion,test,female
01-01-06-02-02-02-02,actor-02,01-01-06-02-02-02-02,data\ravdess\Actor_02\01-01-06-02-02-02-02.mp4,fearful,RAVDESS acted emotion,test,female
01-01-07-01-01-01-02,actor-02,01-01-07-01-01-01-02,data\ravdess\Actor_02\01-01-07-01-01-01-02.mp4,disgust,RAVDESS acted emotion,test,female
01-01-07-01-01-02-02,actor-02,01-01-07-01-01-02-02,data\ravdess\Actor_02\01-01-07-01-01-02-02.mp4,disgust,RAVDESS acted emotion,test,female
01-01-07-01-02-01-02,actor-02,01-01-07-01-02-01-02,data\ravdess\Actor_02\01-01-07-01-02-01-02.mp4,disgust,RAVDESS acted emotion,test,female
01-01-07-01-02-02-02,actor-02,01-01-07-01-02-02-02,data\ravdess\Actor_02\01-01-07-01-02-02-02.mp4,disgust,RAVDESS acted emotion,test,female
01-01-07-02-01-01-02,actor-02,01-01-07-02-01-01-02,data\ravdess\Actor_02\01-01-07-02-01-01-02.mp4,disgust,RAVDESS acted emotion,test,female
01-01-07-02-01-02-02,actor-02,01-01-07-02-01-02-02,data\ravdess\Actor_02\01-01-07-02-01-02-02.mp4,disgust,RAVDESS acted emotion,test,female
01-01-07-02-02-01-02,actor-02,01-01-07-02-02-01-02,data\ravdess\Actor_02\01-01-07-02-02-01-02.mp4,disgust,RAVDESS acted emotion,test,female
01-01-07-02-02-02-02,actor-02,01-01-07-02-02-02-02,data\ravdess\Actor_02\01-01-07-02-02-02-02.mp4,disgust,RAVDESS acted emotion,test,female
01-01-08-01-01-01-02,actor-02,01-01-08-01-01-01-02,data\ravdess\Actor_02\01-01-08-01-01-01-02.mp4,surprised,RAVDESS acted emotion,test,female
01-01-08-01-01-02-02,actor-02,01-01-08-01-01-02-02,data\ravdess\Actor_02\01-01-08-01-01-02-02.mp4,surprised,RAVDESS acted emotion,test,female
01-01-08-01-02-01-02,actor-02,01-01-08-01-02-01-02,data\ravdess\Actor_02\01-01-08-01-02-01-02.mp4,surprised,RAVDESS acted emotion,test,female
01-01-08-01-02-02-02,actor-02,01-01-08-01-02-02-02,data\ravdess\Actor_02\01-01-08-01-02-02-02.mp4,surprised,RAVDESS acted emotion,test,female
01-01-08-02-01-01-02,actor-02,01-01-08-02-01-01-02,data\ravdess\Actor_02\01-01-08-02-01-01-02.mp4,surprised,RAVDESS acted emotion,test,female
01-01-08-02-01-02-02,actor-02,01-01-08-02-01-02-02,data\ravdess\Actor_02\01-01-08-02-01-02-02.mp4,surprised,RAVDESS acted emotion,test,female
01-01-08-02-02-01-02,actor-02,01-01-08-02-02-01-02,data\ravdess\Actor_02\01-01-08-02-02-01-02.mp4,surprised,RAVDESS acted emotion,test,female
01-01-08-02-02-02-02,actor-02,01-01-08-02-02-02-02,data\ravdess\Actor_02\01-01-08-02-02-02-02.mp4,surprised,RAVDESS acted emotion,test,female
01-01-01-01-01-01-03,actor-03,01-01-01-01-01-01-03,data\ravdess\Actor_03\01-01-01-01-01-01-03.mp4,neutral,RAVDESS acted emotion,test,male
01-01-01-01-01-02-03,actor-03,01-01-01-01-01-02-03,data\ravdess\Actor_03\01-01-01-01-01-02-03.mp4,neutral,RAVDESS acted emotion,test,male
01-01-01-01-02-01-03,actor-03,01-01-01-01-02-01-03,data\ravdess\Actor_03\01-01-01-01-02-01-03.mp4,neutral,RAVDESS acted emotion,test,male
01-01-01-01-02-02-03,actor-03,01-01-01-01-02-02-03,data\ravdess\Actor_03\01-01-01-01-02-02-03.mp4,neutral,RAVDESS acted emotion,test,male
01-01-02-01-01-01-03,actor-03,01-01-02-01-01-01-03,data\ravdess\Actor_03\01-01-02-01-01-01-03.mp4,calm,RAVDESS acted emotion,test,male
01-01-02-01-01-02-03,actor-03,01-01-02-01-01-02-03,data\ravdess\Actor_03\01-01-02-01-01-02-03.mp4,calm,RAVDESS acted emotion,test,male
01-01-02-01-02-01-03,actor-03,01-01-02-01-02-01-03,data\ravdess\Actor_03\01-01-02-01-02-01-03.mp4,calm,RAVDESS acted emotion,test,male
01-01-02-01-02-02-03,actor-03,01-01-02-01-02-02-03,data\ravdess\Actor_03\01-01-02-01-02-02-03.mp4,calm,RAVDESS acted emotion,test,male
01-01-02-02-01-01-03,actor-03,01-01-02-02-01-01-03,data\ravdess\Actor_03\01-01-02-02-01-01-03.mp4,calm,RAVDESS acted emotion,test,male
01-01-02-02-01-02-03,actor-03,01-01-02-02-01-02-03,data\ravdess\Actor_03\01-01-02-02-01-02-03.mp4,calm,RAVDESS acted emotion,test,male
01-01-02-02-02-01-03,actor-03,01-01-02-02-02-01-03,data\ravdess\Actor_03\01-01-02-02-02-01-03.mp4,calm,RAVDESS acted emotion,test,male
01-01-02-02-02-02-03,actor-03,01-01-02-02-02-02-03,data\ravdess\Actor_03\01-01-02-02-02-02-03.mp4,calm,RAVDESS acted emotion,test,male
01-01-03-01-01-01-03,actor-03,01-01-03-01-01-01-03,data\ravdess\Actor_03\01-01-03-01-01-01-03.mp4,happy,RAVDESS acted emotion,test,male
01-01-03-01-01-02-03,actor-03,01-01-03-01-01-02-03,data\ravdess\Actor_03\01-01-03-01-01-02-03.mp4,happy,RAVDESS acted emotion,test,male
01-01-03-01-02-01-03,actor-03,01-01-03-01-02-01-03,data\ravdess\Actor_03\01-01-03-01-02-01-03.mp4,happy,RAVDESS acted emotion,test,male
01-01-03-01-02-02-03,actor-03,01-01-03-01-02-02-03,data\ravdess\Actor_03\01-01-03-01-02-02-03.mp4,happy,RAVDESS acted emotion,test,male
01-01-03-02-01-01-03,actor-03,01-01-03-02-01-01-03,data\ravdess\Actor_03\01-01-03-02-01-01-03.mp4,happy,RAVDESS acted emotion,test,male
01-01-03-02-01-02-03,actor-03,01-01-03-02-01-02-03,data\ravdess\Actor_03\01-01-03-02-01-02-03.mp4,happy,RAVDESS acted emotion,test,male
01-01-03-02-02-01-03,actor-03,01-01-03-02-02-01-03,data\ravdess\Actor_03\01-01-03-02-02-01-03.mp4,happy,RAVDESS acted emotion,test,male
01-01-03-02-02-02-03,actor-03,01-01-03-02-02-02-03,data\ravdess\Actor_03\01-01-03-02-02-02-03.mp4,happy,RAVDESS acted emotion,test,male
01-01-04-01-01-01-03,actor-03,01-01-04-01-01-01-03,data\ravdess\Actor_03\01-01-04-01-01-01-03.mp4,sad,RAVDESS acted emotion,test,male
01-01-04-01-01-02-03,actor-03,01-01-04-01-01-02-03,data\ravdess\Actor_03\01-01-04-01-01-02-03.mp4,sad,RAVDESS acted emotion,test,male
01-01-04-01-02-01-03,actor-03,01-01-04-01-02-01-03,data\ravdess\Actor_03\01-01-04-01-02-01-03.mp4,sad,RAVDESS acted emotion,test,male
01-01-04-01-02-02-03,actor-03,01-01-04-01-02-02-03,data\ravdess\Actor_03\01-01-04-01-02-02-03.mp4,sad,RAVDESS acted emotion,test,male
01-01-04-02-01-01-03,actor-03,01-01-04-02-01-01-03,data\ravdess\Actor_03\01-01-04-02-01-01-03.mp4,sad,RAVDESS acted emotion,test,male
01-01-04-02-01-02-03,actor-03,01-01-04-02-01-02-03,data\ravdess\Actor_03\01-01-04-02-01-02-03.mp4,sad,RAVDESS acted emotion,test,male
01-01-04-02-02-01-03,actor-03,01-01-04-02-02-01-03,data\ravdess\Actor_03\01-01-04-02-02-01-03.mp4,sad,RAVDESS acted emotion,test,male
01-01-04-02-02-02-03,actor-03,01-01-04-02-02-02-03,data\ravdess\Actor_03\01-01-04-02-02-02-03.mp4,sad,RAVDESS acted emotion,test,male
01-01-05-01-01-01-03,actor-03,01-01-05-01-01-01-03,data\ravdess\Actor_03\01-01-05-01-01-01-03.mp4,angry,RAVDESS acted emotion,test,male
01-01-05-01-01-02-03,actor-03,01-01-05-01-01-02-03,data\ravdess\Actor_03\01-01-05-01-01-02-03.mp4,angry,RAVDESS acted emotion,test,male
01-01-05-01-02-01-03,actor-03,01-01-05-01-02-01-03,data\ravdess\Actor_03\01-01-05-01-02-01-03.mp4,angry,RAVDESS acted emotion,test,male
01-01-05-01-02-02-03,actor-03,01-01-05-01-02-02-03,data\ravdess\Actor_03\01-01-05-01-02-02-03.mp4,angry,RAVDESS acted emotion,test,male
01-01-05-02-01-01-03,actor-03,01-01-05-02-01-01-03,data\ravdess\Actor_03\01-01-05-02-01-01-03.mp4,angry,RAVDESS acted emotion,test,male
01-01-05-02-01-02-03,actor-03,01-01-05-02-01-02-03,data\ravdess\Actor_03\01-01-05-02-01-02-03.mp4,angry,RAVDESS acted emotion,test,male
01-01-05-02-02-01-03,actor-03,01-01-05-02-02-01-03,data\ravdess\Actor_03\01-01-05-02-02-01-03.mp4,angry,RAVDESS acted emotion,test,male
01-01-05-02-02-02-03,actor-03,01-01-05-02-02-02-03,data\ravdess\Actor_03\01-01-05-02-02-02-03.mp4,angry,RAVDESS acted emotion,test,male
01-01-06-01-01-01-03,actor-03,01-01-06-01-01-01-03,data\ravdess\Actor_03\01-01-06-01-01-01-03.mp4,fearful,RAVDESS acted emotion,test,male
01-01-06-01-01-02-03,actor-03,01-01-06-01-01-02-03,data\ravdess\Actor_03\01-01-06-01-01-02-03.mp4,fearful,RAVDESS acted emotion,test,male
01-01-06-01-02-01-03,actor-03,01-01-06-01-02-01-03,data\ravdess\Actor_03\01-01-06-01-02-01-03.mp4,fearful,RAVDESS acted emotion,test,male
01-01-06-01-02-02-03,actor-03,01-01-06-01-02-02-03,data\ravdess\Actor_03\01-01-06-01-02-02-03.mp4,fearful,RAVDESS acted emotion,test,male
01-01-06-02-01-01-03,actor-03,01-01-06-02-01-01-03,data\ravdess\Actor_03\01-01-06-02-01-01-03.mp4,fearful,RAVDESS acted emotion,test,male
01-01-06-02-01-02-03,actor-03,01-01-06-02-01-02-03,data\ravdess\Actor_03\01-01-06-02-01-02-03.mp4,fearful,RAVDESS acted emotion,test,male
01-01-06-02-02-01-03,actor-03,01-01-06-02-02-01-03,data\ravdess\Actor_03\01-01-06-02-02-01-03.mp4,fearful,RAVDESS acted emotion,test,male
01-01-06-02-02-02-03,actor-03,01-01-06-02-02-02-03,data\ravdess\Actor_03\01-01-06-02-02-02-03.mp4,fearful,RAVDESS acted emotion,test,male
01-01-07-01-01-01-03,actor-03,01-01-07-01-01-01-03,data\ravdess\Actor_03\01-01-07-01-01-01-03.mp4,disgust,RAVDESS acted emotion,test,male
01-01-07-01-01-02-03,actor-03,01-01-07-01-01-02-03,data\ravdess\Actor_03\01-01-07-01-01-02-03.mp4,disgust,RAVDESS acted emotion,test,male
01-01-07-01-02-01-03,actor-03,01-01-07-01-02-01-03,data\ravdess\Actor_03\01-01-07-01-02-01-03.mp4,disgust,RAVDESS acted emotion,test,male
01-01-07-01-02-02-03,actor-03,01-01-07-01-02-02-03,data\ravdess\Actor_03\01-01-07-01-02-02-03.mp4,disgust,RAVDESS acted emotion,test,male
01-01-07-02-01-01-03,actor-03,01-01-07-02-01-01-03,data\ravdess\Actor_03\01-01-07-02-01-01-03.mp4,disgust,RAVDESS acted emotion,test,male
01-01-07-02-01-02-03,actor-03,01-01-07-02-01-02-03,data\ravdess\Actor_03\01-01-07-02-01-02-03.mp4,disgust,RAVDESS acted emotion,test,male
01-01-07-02-02-01-03,actor-03,01-01-07-02-02-01-03,data\ravdess\Actor_03\01-01-07-02-02-01-03.mp4,disgust,RAVDESS acted emotion,test,male
01-01-07-02-02-02-03,actor-03,01-01-07-02-02-02-03,data\ravdess\Actor_03\01-01-07-02-02-02-03.mp4,disgust,RAVDESS acted emotion,test,male
01-01-08-01-01-01-03,actor-03,01-01-08-01-01-01-03,data\ravdess\Actor_03\01-01-08-01-01-01-03.mp4,surprised,RAVDESS acted emotion,test,male
01-01-08-01-01-02-03,actor-03,01-01-08-01-01-02-03,data\ravdess\Actor_03\01-01-08-01-01-02-03.mp4,surprised,RAVDESS acted emotion,test,male
01-01-08-01-02-01-03,actor-03,01-01-08-01-02-01-03,data\ravdess\Actor_03\01-01-08-01-02-01-03.mp4,surprised,RAVDESS acted emotion,test,male
01-01-08-01-02-02-03,actor-03,01-01-08-01-02-02-03,data\ravdess\Actor_03\01-01-08-01-02-02-03.mp4,surprised,RAVDESS acted emotion,test,male
01-01-08-02-01-01-03,actor-03,01-01-08-02-01-01-03,data\ravdess\Actor_03\01-01-08-02-01-01-03.mp4,surprised,RAVDESS acted emotion,test,male
01-01-08-02-01-02-03,actor-03,01-01-08-02-01-02-03,data\ravdess\Actor_03\01-01-08-02-01-02-03.mp4,surprised,RAVDESS acted emotion,test,male
01-01-08-02-02-01-03,actor-03,01-01-08-02-02-01-03,data\ravdess\Actor_03\01-01-08-02-02-01-03.mp4,surprised,RAVDESS acted emotion,test,male
01-01-08-02-02-02-03,actor-03,01-01-08-02-02-02-03,data\ravdess\Actor_03\01-01-08-02-02-02-03.mp4,surprised,RAVDESS acted emotion,test,male
01-01-01-01-01-01-04,actor-04,01-01-01-01-01-01-04,data\ravdess\Actor_04\01-01-01-01-01-01-04.mp4,neutral,RAVDESS acted emotion,validation,female
01-01-01-01-01-02-04,actor-04,01-01-01-01-01-02-04,data\ravdess\Actor_04\01-01-01-01-01-02-04.mp4,neutral,RAVDESS acted emotion,validation,female
01-01-01-01-02-01-04,actor-04,01-01-01-01-02-01-04,data\ravdess\Actor_04\01-01-01-01-02-01-04.mp4,neutral,RAVDESS acted emotion,validation,female
01-01-01-01-02-02-04,actor-04,01-01-01-01-02-02-04,data\ravdess\Actor_04\01-01-01-01-02-02-04.mp4,neutral,RAVDESS acted emotion,validation,female
01-01-02-01-01-01-04,actor-04,01-01-02-01-01-01-04,data\ravdess\Actor_04\01-01-02-01-01-01-04.mp4,calm,RAVDESS acted emotion,validation,female
01-01-02-01-01-02-04,actor-04,01-01-02-01-01-02-04,data\ravdess\Actor_04\01-01-02-01-01-02-04.mp4,calm,RAVDESS acted emotion,validation,female
01-01-02-01-02-01-04,actor-04,01-01-02-01-02-01-04,data\ravdess\Actor_04\01-01-02-01-02-01-04.mp4,calm,RAVDESS acted emotion,validation,female
01-01-02-01-02-02-04,actor-04,01-01-02-01-02-02-04,data\ravdess\Actor_04\01-01-02-01-02-02-04.mp4,calm,RAVDESS acted emotion,validation,female
01-01-02-02-01-01-04,actor-04,01-01-02-02-01-01-04,data\ravdess\Actor_04\01-01-02-02-01-01-04.mp4,calm,RAVDESS acted emotion,validation,female
01-01-02-02-01-02-04,actor-04,01-01-02-02-01-02-04,data\ravdess\Actor_04\01-01-02-02-01-02-04.mp4,calm,RAVDESS acted emotion,validation,female
01-01-02-02-02-01-04,actor-04,01-01-02-02-02-01-04,data\ravdess\Actor_04\01-01-02-02-02-01-04.mp4,calm,RAVDESS acted emotion,validation,female
01-01-02-02-02-02-04,actor-04,01-01-02-02-02-02-04,data\ravdess\Actor_04\01-01-02-02-02-02-04.mp4,calm,RAVDESS acted emotion,validation,female
01-01-03-01-01-01-04,actor-04,01-01-03-01-01-01-04,data\ravdess\Actor_04\01-01-03-01-01-01-04.mp4,happy,RAVDESS acted emotion,validation,female
01-01-03-01-01-02-04,actor-04,01-01-03-01-01-02-04,data\ravdess\Actor_04\01-01-03-01-01-02-04.mp4,happy,RAVDESS acted emotion,validation,female
01-01-03-01-02-01-04,actor-04,01-01-03-01-02-01-04,data\ravdess\Actor_04\01-01-03-01-02-01-04.mp4,happy,RAVDESS acted emotion,validation,female
01-01-03-01-02-02-04,actor-04,01-01-03-01-02-02-04,data\ravdess\Actor_04\01-01-03-01-02-02-04.mp4,happy,RAVDESS acted emotion,validation,female
01-01-03-02-01-01-04,actor-04,01-01-03-02-01-01-04,data\ravdess\Actor_04\01-01-03-02-01-01-04.mp4,happy,RAVDESS acted emotion,validation,female
01-01-03-02-01-02-04,actor-04,01-01-03-02-01-02-04,data\ravdess\Actor_04\01-01-03-02-01-02-04.mp4,happy,RAVDESS acted emotion,validation,female
01-01-03-02-02-01-04,actor-04,01-01-03-02-02-01-04,data\ravdess\Actor_04\01-01-03-02-02-01-04.mp4,happy,RAVDESS acted emotion,validation,female
01-01-03-02-02-02-04,actor-04,01-01-03-02-02-02-04,data\ravdess\Actor_04\01-01-03-02-02-02-04.mp4,happy,RAVDESS acted emotion,validation,female
01-01-04-01-01-01-04,actor-04,01-01-04-01-01-01-04,data\ravdess\Actor_04\01-01-04-01-01-01-04.mp4,sad,RAVDESS acted emotion,validation,female
01-01-04-01-01-02-04,actor-04,01-01-04-01-01-02-04,data\ravdess\Actor_04\01-01-04-01-01-02-04.mp4,sad,RAVDESS acted emotion,validation,female
01-01-04-01-02-01-04,actor-04,01-01-04-01-02-01-04,data\ravdess\Actor_04\01-01-04-01-02-01-04.mp4,sad,RAVDESS acted emotion,validation,female
01-01-04-01-02-02-04,actor-04,01-01-04-01-02-02-04,data\ravdess\Actor_04\01-01-04-01-02-02-04.mp4,sad,RAVDESS acted emotion,validation,female
01-01-04-02-01-01-04,actor-04,01-01-04-02-01-01-04,data\ravdess\Actor_04\01-01-04-02-01-01-04.mp4,sad,RAVDESS acted emotion,validation,female
01-01-04-02-01-02-04,actor-04,01-01-04-02-01-02-04,data\ravdess\Actor_04\01-01-04-02-01-02-04.mp4,sad,RAVDESS acted emotion,validation,female
01-01-04-02-02-01-04,actor-04,01-01-04-02-02-01-04,data\ravdess\Actor_04\01-01-04-02-02-01-04.mp4,sad,RAVDESS acted emotion,validation,female
01-01-04-02-02-02-04,actor-04,01-01-04-02-02-02-04,data\ravdess\Actor_04\01-01-04-02-02-02-04.mp4,sad,RAVDESS acted emotion,validation,female
01-01-05-01-01-01-04,actor-04,01-01-05-01-01-01-04,data\ravdess\Actor_04\01-01-05-01-01-01-04.mp4,angry,RAVDESS acted emotion,validation,female
01-01-05-01-01-02-04,actor-04,01-01-05-01-01-02-04,data\ravdess\Actor_04\01-01-05-01-01-02-04.mp4,angry,RAVDESS acted emotion,validation,female
01-01-05-01-02-01-04,actor-04,01-01-05-01-02-01-04,data\ravdess\Actor_04\01-01-05-01-02-01-04.mp4,angry,RAVDESS acted emotion,validation,female
01-01-05-01-02-02-04,actor-04,01-01-05-01-02-02-04,data\ravdess\Actor_04\01-01-05-01-02-02-04.mp4,angry,RAVDESS acted emotion,validation,female
01-01-05-02-01-01-04,actor-04,01-01-05-02-01-01-04,data\ravdess\Actor_04\01-01-05-02-01-01-04.mp4,angry,RAVDESS acted emotion,validation,female
01-01-05-02-01-02-04,actor-04,01-01-05-02-01-02-04,data\ravdess\Actor_04\01-01-05-02-01-02-04.mp4,angry,RAVDESS acted emotion,validation,female
01-01-05-02-02-01-04,actor-04,01-01-05-02-02-01-04,data\ravdess\Actor_04\01-01-05-02-02-01-04.mp4,angry,RAVDESS acted emotion,validation,female
01-01-05-02-02-02-04,actor-04,01-01-05-02-02-02-04,data\ravdess\Actor_04\01-01-05-02-02-02-04.mp4,angry,RAVDESS acted emotion,validation,female
01-01-06-01-01-01-04,actor-04,01-01-06-01-01-01-04,data\ravdess\Actor_04\01-01-06-01-01-01-04.mp4,fearful,RAVDESS acted emotion,validation,female
01-01-06-01-01-02-04,actor-04,01-01-06-01-01-02-04,data\ravdess\Actor_04\01-01-06-01-01-02-04.mp4,fearful,RAVDESS acted emotion,validation,female
01-01-06-01-02-01-04,actor-04,01-01-06-01-02-01-04,data\ravdess\Actor_04\01-01-06-01-02-01-04.mp4,fearful,RAVDESS acted emotion,validation,female
01-01-06-01-02-02-04,actor-04,01-01-06-01-02-02-04,data\ravdess\Actor_04\01-01-06-01-02-02-04.mp4,fearful,RAVDESS acted emotion,validation,female
01-01-06-02-01-01-04,actor-04,01-01-06-02-01-01-04,data\ravdess\Actor_04\01-01-06-02-01-01-04.mp4,fearful,RAVDESS acted emotion,validation,female
01-01-06-02-01-02-04,actor-04,01-01-06-02-01-02-04,data\ravdess\Actor_04\01-01-06-02-01-02-04.mp4,fearful,RAVDESS acted emotion,validation,female
01-01-06-02-02-01-04,actor-04,01-01-06-02-02-01-04,data\ravdess\Actor_04\01-01-06-02-02-01-04.mp4,fearful,RAVDESS acted emotion,validation,female
01-01-06-02-02-02-04,actor-04,01-01-06-02-02-02-04,data\ravdess\Actor_04\01-01-06-02-02-02-04.mp4,fearful,RAVDESS acted emotion,validation,female
01-01-07-01-01-01-04,actor-04,01-01-07-01-01-01-04,data\ravdess\Actor_04\01-01-07-01-01-01-04.mp4,disgust,RAVDESS acted emotion,validation,female
01-01-07-01-01-02-04,actor-04,01-01-07-01-01-02-04,data\ravdess\Actor_04\01-01-07-01-01-02-04.mp4,disgust,RAVDESS acted emotion,validation,female
01-01-07-01-02-01-04,actor-04,01-01-07-01-02-01-04,data\ravdess\Actor_04\01-01-07-01-02-01-04.mp4,disgust,RAVDESS acted emotion,validation,female
01-01-07-01-02-02-04,actor-04,01-01-07-01-02-02-04,data\ravdess\Actor_04\01-01-07-01-02-02-04.mp4,disgust,RAVDESS acted emotion,validation,female
01-01-07-02-01-01-04,actor-04,01-01-07-02-01-01-04,data\ravdess\Actor_04\01-01-07-02-01-01-04.mp4,disgust,RAVDESS acted emotion,validation,female
01-01-07-02-01-02-04,actor-04,01-01-07-02-01-02-04,data\ravdess\Actor_04\01-01-07-02-01-02-04.mp4,disgust,RAVDESS acted emotion,validation,female
01-01-07-02-02-01-04,actor-04,01-01-07-02-02-01-04,data\ravdess\Actor_04\01-01-07-02-02-01-04.mp4,disgust,RAVDESS acted emotion,validation,female
01-01-07-02-02-02-04,actor-04,01-01-07-02-02-02-04,data\ravdess\Actor_04\01-01-07-02-02-02-04.mp4,disgust,RAVDESS acted emotion,validation,female
01-01-08-01-01-01-04,actor-04,01-01-08-01-01-01-04,data\ravdess\Actor_04\01-01-08-01-01-01-04.mp4,surprised,RAVDESS acted emotion,validation,female
01-01-08-01-01-02-04,actor-04,01-01-08-01-01-02-04,data\ravdess\Actor_04\01-01-08-01-01-02-04.mp4,surprised,RAVDESS acted emotion,validation,female
01-01-08-01-02-01-04,actor-04,01-01-08-01-02-01-04,data\ravdess\Actor_04\01-01-08-01-02-01-04.mp4,surprised,RAVDESS acted emotion,validation,female
01-01-08-01-02-02-04,actor-04,01-01-08-01-02-02-04,data\ravdess\Actor_04\01-01-08-01-02-02-04.mp4,surprised,RAVDESS acted emotion,validation,female
01-01-08-02-01-01-04,actor-04,01-01-08-02-01-01-04,data\ravdess\Actor_04\01-01-08-02-01-01-04.mp4,surprised,RAVDESS acted emotion,validation,female
01-01-08-02-01-02-04,actor-04,01-01-08-02-01-02-04,data\ravdess\Actor_04\01-01-08-02-01-02-04.mp4,surprised,RAVDESS acted emotion,validation,female
01-01-08-02-02-01-04,actor-04,01-01-08-02-02-01-04,data\ravdess\Actor_04\01-01-08-02-02-01-04.mp4,surprised,RAVDESS acted emotion,validation,female
01-01-08-02-02-02-04,actor-04,01-01-08-02-02-02-04,data\ravdess\Actor_04\01-01-08-02-02-02-04.mp4,surprised,RAVDESS acted emotion,validation,female
01-01-01-01-01-01-05,actor-05,01-01-01-01-01-01-05,data\ravdess\Actor_05\01-01-01-01-01-01-05.mp4,neutral,RAVDESS acted emotion,train,male
01-01-01-01-01-02-05,actor-05,01-01-01-01-01-02-05,data\ravdess\Actor_05\01-01-01-01-01-02-05.mp4,neutral,RAVDESS acted emotion,train,male
01-01-01-01-02-01-05,actor-05,01-01-01-01-02-01-05,data\ravdess\Actor_05\01-01-01-01-02-01-05.mp4,neutral,RAVDESS acted emotion,train,male
01-01-01-01-02-02-05,actor-05,01-01-01-01-02-02-05,data\ravdess\Actor_05\01-01-01-01-02-02-05.mp4,neutral,RAVDESS acted emotion,train,male
01-01-02-01-01-01-05,actor-05,01-01-02-01-01-01-05,data\ravdess\Actor_05\01-01-02-01-01-01-05.mp4,calm,RAVDESS acted emotion,train,male
01-01-02-01-01-02-05,actor-05,01-01-02-01-01-02-05,data\ravdess\Actor_05\01-01-02-01-01-02-05.mp4,calm,RAVDESS acted emotion,train,male
01-01-02-01-02-01-05,actor-05,01-01-02-01-02-01-05,data\ravdess\Actor_05\01-01-02-01-02-01-05.mp4,calm,RAVDESS acted emotion,train,male
01-01-02-01-02-02-05,actor-05,01-01-02-01-02-02-05,data\ravdess\Actor_05\01-01-02-01-02-02-05.mp4,calm,RAVDESS acted emotion,train,male
01-01-02-02-01-01-05,actor-05,01-01-02-02-01-01-05,data\ravdess\Actor_05\01-01-02-02-01-01-05.mp4,calm,RAVDESS acted emotion,train,male
01-01-02-02-01-02-05,actor-05,01-01-02-02-01-02-05,data\ravdess\Actor_05\01-01-02-02-01-02-05.mp4,calm,RAVDESS acted emotion,train,male
01-01-02-02-02-01-05,actor-05,01-01-02-02-02-01-05,data\ravdess\Actor_05\01-01-02-02-02-01-05.mp4,calm,RAVDESS acted emotion,train,male
01-01-02-02-02-02-05,actor-05,01-01-02-02-02-02-05,data\ravdess\Actor_05\01-01-02-02-02-02-05.mp4,calm,RAVDESS acted emotion,train,male
01-01-03-01-01-01-05,actor-05,01-01-03-01-01-01-05,data\ravdess\Actor_05\01-01-03-01-01-01-05.mp4,happy,RAVDESS acted emotion,train,male
01-01-03-01-01-02-05,actor-05,01-01-03-01-01-02-05,data\ravdess\Actor_05\01-01-03-01-01-02-05.mp4,happy,RAVDESS acted emotion,train,male
01-01-03-01-02-01-05,actor-05,01-01-03-01-02-01-05,data\ravdess\Actor_05\01-01-03-01-02-01-05.mp4,happy,RAVDESS acted emotion,train,male
01-01-03-01-02-02-05,actor-05,01-01-03-01-02-02-05,data\ravdess\Actor_05\01-01-03-01-02-02-05.mp4,happy,RAVDESS acted emotion,train,male
01-01-03-02-01-01-05,actor-05,01-01-03-02-01-01-05,data\ravdess\Actor_05\01-01-03-02-01-01-05.mp4,happy,RAVDESS acted emotion,train,male
01-01-03-02-01-02-05,actor-05,01-01-03-02-01-02-05,data\ravdess\Actor_05\01-01-03-02-01-02-05.mp4,happy,RAVDESS acted emotion,train,male
01-01-03-02-02-01-05,actor-05,01-01-03-02-02-01-05,data\ravdess\Actor_05\01-01-03-02-02-01-05.mp4,happy,RAVDESS acted emotion,train,male
01-01-03-02-02-02-05,actor-05,01-01-03-02-02-02-05,data\ravdess\Actor_05\01-01-03-02-02-02-05.mp4,happy,RAVDESS acted emotion,train,male
01-01-04-01-01-01-05,actor-05,01-01-04-01-01-01-05,data\ravdess\Actor_05\01-01-04-01-01-01-05.mp4,sad,RAVDESS acted emotion,train,male
01-01-04-01-01-02-05,actor-05,01-01-04-01-01-02-05,data\ravdess\Actor_05\01-01-04-01-01-02-05.mp4,sad,RAVDESS acted emotion,train,male
01-01-04-01-02-01-05,actor-05,01-01-04-01-02-01-05,data\ravdess\Actor_05\01-01-04-01-02-01-05.mp4,sad,RAVDESS acted emotion,train,male
01-01-04-01-02-02-05,actor-05,01-01-04-01-02-02-05,data\ravdess\Actor_05\01-01-04-01-02-02-05.mp4,sad,RAVDESS acted emotion,train,male
01-01-04-02-01-01-05,actor-05,01-01-04-02-01-01-05,data\ravdess\Actor_05\01-01-04-02-01-01-05.mp4,sad,RAVDESS acted emotion,train,male
01-01-04-02-01-02-05,actor-05,01-01-04-02-01-02-05,data\ravdess\Actor_05\01-01-04-02-01-02-05.mp4,sad,RAVDESS acted emotion,train,male
01-01-04-02-02-01-05,actor-05,01-01-04-02-02-01-05,data\ravdess\Actor_05\01-01-04-02-02-01-05.mp4,sad,RAVDESS acted emotion,train,male
01-01-04-02-02-02-05,actor-05,01-01-04-02-02-02-05,data\ravdess\Actor_05\01-01-04-02-02-02-05.mp4,sad,RAVDESS acted emotion,train,male
01-01-05-01-01-01-05,actor-05,01-01-05-01-01-01-05,data\ravdess\Actor_05\01-01-05-01-01-01-05.mp4,angry,RAVDESS acted emotion,train,male
01-01-05-01-01-02-05,actor-05,01-01-05-01-01-02-05,data\ravdess\Actor_05\01-01-05-01-01-02-05.mp4,angry,RAVDESS acted emotion,train,male
01-01-05-01-02-01-05,actor-05,01-01-05-01-02-01-05,data\ravdess\Actor_05\01-01-05-01-02-01-05.mp4,angry,RAVDESS acted emotion,train,male
01-01-05-01-02-02-05,actor-05,01-01-05-01-02-02-05,data\ravdess\Actor_05\01-01-05-01-02-02-05.mp4,angry,RAVDESS acted emotion,train,male
01-01-05-02-01-01-05,actor-05,01-01-05-02-01-01-05,data\ravdess\Actor_05\01-01-05-02-01-01-05.mp4,angry,RAVDESS acted emotion,train,male
01-01-05-02-01-02-05,actor-05,01-01-05-02-01-02-05,data\ravdess\Actor_05\01-01-05-02-01-02-05.mp4,angry,RAVDESS acted emotion,train,male
01-01-05-02-02-01-05,actor-05,01-01-05-02-02-01-05,data\ravdess\Actor_05\01-01-05-02-02-01-05.mp4,angry,RAVDESS acted emotion,train,male
01-01-05-02-02-02-05,actor-05,01-01-05-02-02-02-05,data\ravdess\Actor_05\01-01-05-02-02-02-05.mp4,angry,RAVDESS acted emotion,train,male
01-01-06-01-01-01-05,actor-05,01-01-06-01-01-01-05,data\ravdess\Actor_05\01-01-06-01-01-01-05.mp4,fearful,RAVDESS acted emotion,train,male
01-01-06-01-01-02-05,actor-05,01-01-06-01-01-02-05,data\ravdess\Actor_05\01-01-06-01-01-02-05.mp4,fearful,RAVDESS acted emotion,train,male
01-01-06-01-02-01-05,actor-05,01-01-06-01-02-01-05,data\ravdess\Actor_05\01-01-06-01-02-01-05.mp4,fearful,RAVDESS acted emotion,train,male
01-01-06-01-02-02-05,actor-05,01-01-06-01-02-02-05,data\ravdess\Actor_05\01-01-06-01-02-02-05.mp4,fearful,RAVDESS acted emotion,train,male
01-01-06-02-01-01-05,actor-05,01-01-06-02-01-01-05,data\ravdess\Actor_05\01-01-06-02-01-01-05.mp4,fearful,RAVDESS acted emotion,train,male
01-01-06-02-01-02-05,actor-05,01-01-06-02-01-02-05,data\ravdess\Actor_05\01-01-06-02-01-02-05.mp4,fearful,RAVDESS acted emotion,train,male
01-01-06-02-02-01-05,actor-05,01-01-06-02-02-01-05,data\ravdess\Actor_05\01-01-06-02-02-01-05.mp4,fearful,RAVDESS acted emotion,train,male
01-01-06-02-02-02-05,actor-05,01-01-06-02-02-02-05,data\ravdess\Actor_05\01-01-06-02-02-02-05.mp4,fearful,RAVDESS acted emotion,train,male
01-01-07-01-01-01-05,actor-05,01-01-07-01-01-01-05,data\ravdess\Actor_05\01-01-07-01-01-01-05.mp4,disgust,RAVDESS acted emotion,train,male
01-01-07-01-01-02-05,actor-05,01-01-07-01-01-02-05,data\ravdess\Actor_05\01-01-07-01-01-02-05.mp4,disgust,RAVDESS acted emotion,train,male
01-01-07-01-02-01-05,actor-05,01-01-07-01-02-01-05,data\ravdess\Actor_05\01-01-07-01-02-01-05.mp4,disgust,RAVDESS acted emotion,train,male
01-01-07-01-02-02-05,actor-05,01-01-07-01-02-02-05,data\ravdess\Actor_05\01-01-07-01-02-02-05.mp4,disgust,RAVDESS acted emotion,train,male
01-01-07-02-01-01-05,actor-05,01-01-07-02-01-01-05,data\ravdess\Actor_05\01-01-07-02-01-01-05.mp4,disgust,RAVDESS acted emotion,train,male
01-01-07-02-01-02-05,actor-05,01-01-07-02-01-02-05,data\ravdess\Actor_05\01-01-07-02-01-02-05.mp4,disgust,RAVDESS acted emotion,train,male
01-01-07-02-02-01-05,actor-05,01-01-07-02-02-01-05,data\ravdess\Actor_05\01-01-07-02-02-01-05.mp4,disgust,RAVDESS acted emotion,train,male
01-01-07-02-02-02-05,actor-05,01-01-07-02-02-02-05,data\ravdess\Actor_05\01-01-07-02-02-02-05.mp4,disgust,RAVDESS acted emotion,train,male
01-01-08-01-01-01-05,actor-05,01-01-08-01-01-01-05,data\ravdess\Actor_05\01-01-08-01-01-01-05.mp4,surprised,RAVDESS acted emotion,train,male
01-01-08-01-01-02-05,actor-05,01-01-08-01-01-02-05,data\ravdess\Actor_05\01-01-08-01-01-02-05.mp4,surprised,RAVDESS acted emotion,train,male
01-01-08-01-02-01-05,actor-05,01-01-08-01-02-01-05,data\ravdess\Actor_05\01-01-08-01-02-01-05.mp4,surprised,RAVDESS acted emotion,train,male
01-01-08-01-02-02-05,actor-05,01-01-08-01-02-02-05,data\ravdess\Actor_05\01-01-08-01-02-02-05.mp4,surprised,RAVDESS acted emotion,train,male
01-01-08-02-01-01-05,actor-05,01-01-08-02-01-01-05,data\ravdess\Actor_05\01-01-08-02-01-01-05.mp4,surprised,RAVDESS acted emotion,train,male
01-01-08-02-01-02-05,actor-05,01-01-08-02-01-02-05,data\ravdess\Actor_05\01-01-08-02-01-02-05.mp4,surprised,RAVDESS acted emotion,train,male
01-01-08-02-02-01-05,actor-05,01-01-08-02-02-01-05,data\ravdess\Actor_05\01-01-08-02-02-01-05.mp4,surprised,RAVDESS acted emotion,train,male
01-01-08-02-02-02-05,actor-05,01-01-08-02-02-02-05,data\ravdess\Actor_05\01-01-08-02-02-02-05.mp4,surprised,RAVDESS acted emotion,train,male
01-01-01-01-01-01-06,actor-06,01-01-01-01-01-01-06,data\ravdess\Actor_06\01-01-01-01-01-01-06.mp4,neutral,RAVDESS acted emotion,train,female
01-01-01-01-01-02-06,actor-06,01-01-01-01-01-02-06,data\ravdess\Actor_06\01-01-01-01-01-02-06.mp4,neutral,RAVDESS acted emotion,train,female
01-01-01-01-02-01-06,actor-06,01-01-01-01-02-01-06,data\ravdess\Actor_06\01-01-01-01-02-01-06.mp4,neutral,RAVDESS acted emotion,train,female
01-01-01-01-02-02-06,actor-06,01-01-01-01-02-02-06,data\ravdess\Actor_06\01-01-01-01-02-02-06.mp4,neutral,RAVDESS acted emotion,train,female
01-01-02-01-01-01-06,actor-06,01-01-02-01-01-01-06,data\ravdess\Actor_06\01-01-02-01-01-01-06.mp4,calm,RAVDESS acted emotion,train,female
01-01-02-01-01-02-06,actor-06,01-01-02-01-01-02-06,data\ravdess\Actor_06\01-01-02-01-01-02-06.mp4,calm,RAVDESS acted emotion,train,female
01-01-02-01-02-01-06,actor-06,01-01-02-01-02-01-06,data\ravdess\Actor_06\01-01-02-01-02-01-06.mp4,calm,RAVDESS acted emotion,train,female
01-01-02-01-02-02-06,actor-06,01-01-02-01-02-02-06,data\ravdess\Actor_06\01-01-02-01-02-02-06.mp4,calm,RAVDESS acted emotion,train,female
01-01-02-02-01-01-06,actor-06,01-01-02-02-01-01-06,data\ravdess\Actor_06\01-01-02-02-01-01-06.mp4,calm,RAVDESS acted emotion,train,female
01-01-02-02-01-02-06,actor-06,01-01-02-02-01-02-06,data\ravdess\Actor_06\01-01-02-02-01-02-06.mp4,calm,RAVDESS acted emotion,train,female
01-01-02-02-02-01-06,actor-06,01-01-02-02-02-01-06,data\ravdess\Actor_06\01-01-02-02-02-01-06.mp4,calm,RAVDESS acted emotion,train,female
01-01-02-02-02-02-06,actor-06,01-01-02-02-02-02-06,data\ravdess\Actor_06\01-01-02-02-02-02-06.mp4,calm,RAVDESS acted emotion,train,female
01-01-03-01-01-01-06,actor-06,01-01-03-01-01-01-06,data\ravdess\Actor_06\01-01-03-01-01-01-06.mp4,happy,RAVDESS acted emotion,train,female
01-01-03-01-01-02-06,actor-06,01-01-03-01-01-02-06,data\ravdess\Actor_06\01-01-03-01-01-02-06.mp4,happy,RAVDESS acted emotion,train,female
01-01-03-01-02-01-06,actor-06,01-01-03-01-02-01-06,data\ravdess\Actor_06\01-01-03-01-02-01-06.mp4,happy,RAVDESS acted emotion,train,female
01-01-03-01-02-02-06,actor-06,01-01-03-01-02-02-06,data\ravdess\Actor_06\01-01-03-01-02-02-06.mp4,happy,RAVDESS acted emotion,train,female
01-01-03-02-01-01-06,actor-06,01-01-03-02-01-01-06,data\ravdess\Actor_06\01-01-03-02-01-01-06.mp4,happy,RAVDESS acted emotion,train,female
01-01-03-02-01-02-06,actor-06,01-01-03-02-01-02-06,data\ravdess\Actor_06\01-01-03-02-01-02-06.mp4,happy,RAVDESS acted emotion,train,female
01-01-03-02-02-01-06,actor-06,01-01-03-02-02-01-06,data\ravdess\Actor_06\01-01-03-02-02-01-06.mp4,happy,RAVDESS acted emotion,train,female
01-01-03-02-02-02-06,actor-06,01-01-03-02-02-02-06,data\ravdess\Actor_06\01-01-03-02-02-02-06.mp4,happy,RAVDESS acted emotion,train,female
01-01-04-01-01-01-06,actor-06,01-01-04-01-01-01-06,data\ravdess\Actor_06\01-01-04-01-01-01-06.mp4,sad,RAVDESS acted emotion,train,female
01-01-04-01-01-02-06,actor-06,01-01-04-01-01-02-06,data\ravdess\Actor_06\01-01-04-01-01-02-06.mp4,sad,RAVDESS acted emotion,train,female
01-01-04-01-02-01-06,actor-06,01-01-04-01-02-01-06,data\ravdess\Actor_06\01-01-04-01-02-01-06.mp4,sad,RAVDESS acted emotion,train,female
01-01-04-01-02-02-06,actor-06,01-01-04-01-02-02-06,data\ravdess\Actor_06\01-01-04-01-02-02-06.mp4,sad,RAVDESS acted emotion,train,female
01-01-04-02-01-01-06,actor-06,01-01-04-02-01-01-06,data\ravdess\Actor_06\01-01-04-02-01-01-06.mp4,sad,RAVDESS acted emotion,train,female
01-01-04-02-01-02-06,actor-06,01-01-04-02-01-02-06,data\ravdess\Actor_06\01-01-04-02-01-02-06.mp4,sad,RAVDESS acted emotion,train,female
01-01-04-02-02-01-06,actor-06,01-01-04-02-02-01-06,data\ravdess\Actor_06\01-01-04-02-02-01-06.mp4,sad,RAVDESS acted emotion,train,female
01-01-04-02-02-02-06,actor-06,01-01-04-02-02-02-06,data\ravdess\Actor_06\01-01-04-02-02-02-06.mp4,sad,RAVDESS acted emotion,train,female
01-01-05-01-01-01-06,actor-06,01-01-05-01-01-01-06,data\ravdess\Actor_06\01-01-05-01-01-01-06.mp4,angry,RAVDESS acted emotion,train,female
01-01-05-01-01-02-06,actor-06,01-01-05-01-01-02-06,data\ravdess\Actor_06\01-01-05-01-01-02-06.mp4,angry,RAVDESS acted emotion,train,female
01-01-05-01-02-01-06,actor-06,01-01-05-01-02-01-06,data\ravdess\Actor_06\01-01-05-01-02-01-06.mp4,angry,RAVDESS acted emotion,train,female
01-01-05-01-02-02-06,actor-06,01-01-05-01-02-02-06,data\ravdess\Actor_06\01-01-05-01-02-02-06.mp4,angry,RAVDESS acted emotion,train,female
01-01-05-02-01-01-06,actor-06,01-01-05-02-01-01-06,data\ravdess\Actor_06\01-01-05-02-01-01-06.mp4,angry,RAVDESS acted emotion,train,female
01-01-05-02-01-02-06,actor-06,01-01-05-02-01-02-06,data\ravdess\Actor_06\01-01-05-02-01-02-06.mp4,angry,RAVDESS acted emotion,train,female
01-01-05-02-02-01-06,actor-06,01-01-05-02-02-01-06,data\ravdess\Actor_06\01-01-05-02-02-01-06.mp4,angry,RAVDESS acted emotion,train,female
01-01-05-02-02-02-06,actor-06,01-01-05-02-02-02-06,data\ravdess\Actor_06\01-01-05-02-02-02-06.mp4,angry,RAVDESS acted emotion,train,female
01-01-06-01-01-01-06,actor-06,01-01-06-01-01-01-06,data\ravdess\Actor_06\01-01-06-01-01-01-06.mp4,fearful,RAVDESS acted emotion,train,female
01-01-06-01-01-02-06,actor-06,01-01-06-01-01-02-06,data\ravdess\Actor_06\01-01-06-01-01-02-06.mp4,fearful,RAVDESS acted emotion,train,female
01-01-06-01-02-01-06,actor-06,01-01-06-01-02-01-06,data\ravdess\Actor_06\01-01-06-01-02-01-06.mp4,fearful,RAVDESS acted emotion,train,female
01-01-06-01-02-02-06,actor-06,01-01-06-01-02-02-06,data\ravdess\Actor_06\01-01-06-01-02-02-06.mp4,fearful,RAVDESS acted emotion,train,female
01-01-06-02-01-01-06,actor-06,01-01-06-02-01-01-06,data\ravdess\Actor_06\01-01-06-02-01-01-06.mp4,fearful,RAVDESS acted emotion,train,female
01-01-06-02-01-02-06,actor-06,01-01-06-02-01-02-06,data\ravdess\Actor_06\01-01-06-02-01-02-06.mp4,fearful,RAVDESS acted emotion,train,female
01-01-06-02-02-01-06,actor-06,01-01-06-02-02-01-06,data\ravdess\Actor_06\01-01-06-02-02-01-06.mp4,fearful,RAVDESS acted emotion,train,female
01-01-06-02-02-02-06,actor-06,01-01-06-02-02-02-06,data\ravdess\Actor_06\01-01-06-02-02-02-06.mp4,fearful,RAVDESS acted emotion,train,female
01-01-07-01-01-01-06,actor-06,01-01-07-01-01-01-06,data\ravdess\Actor_06\01-01-07-01-01-01-06.mp4,disgust,RAVDESS acted emotion,train,female
01-01-07-01-01-02-06,actor-06,01-01-07-01-01-02-06,data\ravdess\Actor_06\01-01-07-01-01-02-06.mp4,disgust,RAVDESS acted emotion,train,female
01-01-07-01-02-01-06,actor-06,01-01-07-01-02-01-06,data\ravdess\Actor_06\01-01-07-01-02-01-06.mp4,disgust,RAVDESS acted emotion,train,female
01-01-07-01-02-02-06,actor-06,01-01-07-01-02-02-06,data\ravdess\Actor_06\01-01-07-01-02-02-06.mp4,disgust,RAVDESS acted emotion,train,female
01-01-07-02-01-01-06,actor-06,01-01-07-02-01-01-06,data\ravdess\Actor_06\01-01-07-02-01-01-06.mp4,disgust,RAVDESS acted emotion,train,female
01-01-07-02-01-02-06,actor-06,01-01-07-02-01-02-06,data\ravdess\Actor_06\01-01-07-02-01-02-06.mp4,disgust,RAVDESS acted emotion,train,female
01-01-07-02-02-01-06,actor-06,01-01-07-02-02-01-06,data\ravdess\Actor_06\01-01-07-02-02-01-06.mp4,disgust,RAVDESS acted emotion,train,female
01-01-07-02-02-02-06,actor-06,01-01-07-02-02-02-06,data\ravdess\Actor_06\01-01-07-02-02-02-06.mp4,disgust,RAVDESS acted emotion,train,female
01-01-08-01-01-01-06,actor-06,01-01-08-01-01-01-06,data\ravdess\Actor_06\01-01-08-01-01-01-06.mp4,surprised,RAVDESS acted emotion,train,female
01-01-08-01-01-02-06,actor-06,01-01-08-01-01-02-06,data\ravdess\Actor_06\01-01-08-01-01-02-06.mp4,surprised,RAVDESS acted emotion,train,female
01-01-08-01-02-01-06,actor-06,01-01-08-01-02-01-06,data\ravdess\Actor_06\01-01-08-01-02-01-06.mp4,surprised,RAVDESS acted emotion,train,female
01-01-08-01-02-02-06,actor-06,01-01-08-01-02-02-06,data\ravdess\Actor_06\01-01-08-01-02-02-06.mp4,surprised,RAVDESS acted emotion,train,female
01-01-08-02-01-01-06,actor-06,01-01-08-02-01-01-06,data\ravdess\Actor_06\01-01-08-02-01-01-06.mp4,surprised,RAVDESS acted emotion,train,female
01-01-08-02-01-02-06,actor-06,01-01-08-02-01-02-06,data\ravdess\Actor_06\01-01-08-02-01-02-06.mp4,surprised,RAVDESS acted emotion,train,female
01-01-08-02-02-01-06,actor-06,01-01-08-02-02-01-06,data\ravdess\Actor_06\01-01-08-02-02-01-06.mp4,surprised,RAVDESS acted emotion,train,female
01-01-08-02-02-02-06,actor-06,01-01-08-02-02-02-06,data\ravdess\Actor_06\01-01-08-02-02-02-06.mp4,surprised,RAVDESS acted emotion,train,female
01-01-01-01-01-01-07,actor-07,01-01-01-01-01-01-07,data\ravdess\Actor_07\01-01-01-01-01-01-07.mp4,neutral,RAVDESS acted emotion,train,male
01-01-01-01-01-02-07,actor-07,01-01-01-01-01-02-07,data\ravdess\Actor_07\01-01-01-01-01-02-07.mp4,neutral,RAVDESS acted emotion,train,male
01-01-01-01-02-01-07,actor-07,01-01-01-01-02-01-07,data\ravdess\Actor_07\01-01-01-01-02-01-07.mp4,neutral,RAVDESS acted emotion,train,male
01-01-01-01-02-02-07,actor-07,01-01-01-01-02-02-07,data\ravdess\Actor_07\01-01-01-01-02-02-07.mp4,neutral,RAVDESS acted emotion,train,male
01-01-02-01-01-01-07,actor-07,01-01-02-01-01-01-07,data\ravdess\Actor_07\01-01-02-01-01-01-07.mp4,calm,RAVDESS acted emotion,train,male
01-01-02-01-01-02-07,actor-07,01-01-02-01-01-02-07,data\ravdess\Actor_07\01-01-02-01-01-02-07.mp4,calm,RAVDESS acted emotion,train,male
01-01-02-01-02-01-07,actor-07,01-01-02-01-02-01-07,data\ravdess\Actor_07\01-01-02-01-02-01-07.mp4,calm,RAVDESS acted emotion,train,male
01-01-02-01-02-02-07,actor-07,01-01-02-01-02-02-07,data\ravdess\Actor_07\01-01-02-01-02-02-07.mp4,calm,RAVDESS acted emotion,train,male
01-01-02-02-01-01-07,actor-07,01-01-02-02-01-01-07,data\ravdess\Actor_07\01-01-02-02-01-01-07.mp4,calm,RAVDESS acted emotion,train,male
01-01-02-02-01-02-07,actor-07,01-01-02-02-01-02-07,data\ravdess\Actor_07\01-01-02-02-01-02-07.mp4,calm,RAVDESS acted emotion,train,male
01-01-02-02-02-01-07,actor-07,01-01-02-02-02-01-07,data\ravdess\Actor_07\01-01-02-02-02-01-07.mp4,calm,RAVDESS acted emotion,train,male
01-01-02-02-02-02-07,actor-07,01-01-02-02-02-02-07,data\ravdess\Actor_07\01-01-02-02-02-02-07.mp4,calm,RAVDESS acted emotion,train,male
01-01-03-01-01-01-07,actor-07,01-01-03-01-01-01-07,data\ravdess\Actor_07\01-01-03-01-01-01-07.mp4,happy,RAVDESS acted emotion,train,male
01-01-03-01-01-02-07,actor-07,01-01-03-01-01-02-07,data\ravdess\Actor_07\01-01-03-01-01-02-07.mp4,happy,RAVDESS acted emotion,train,male
01-01-03-01-02-01-07,actor-07,01-01-03-01-02-01-07,data\ravdess\Actor_07\01-01-03-01-02-01-07.mp4,happy,RAVDESS acted emotion,train,male
01-01-03-01-02-02-07,actor-07,01-01-03-01-02-02-07,data\ravdess\Actor_07\01-01-03-01-02-02-07.mp4,happy,RAVDESS acted emotion,train,male
01-01-03-02-01-01-07,actor-07,01-01-03-02-01-01-07,data\ravdess\Actor_07\01-01-03-02-01-01-07.mp4,happy,RAVDESS acted emotion,train,male
01-01-03-02-01-02-07,actor-07,01-01-03-02-01-02-07,data\ravdess\Actor_07\01-01-03-02-01-02-07.mp4,happy,RAVDESS acted emotion,train,male
01-01-03-02-02-01-07,actor-07,01-01-03-02-02-01-07,data\ravdess\Actor_07\01-01-03-02-02-01-07.mp4,happy,RAVDESS acted emotion,train,male
01-01-03-02-02-02-07,actor-07,01-01-03-02-02-02-07,data\ravdess\Actor_07\01-01-03-02-02-02-07.mp4,happy,RAVDESS acted emotion,train,male
01-01-04-01-01-01-07,actor-07,01-01-04-01-01-01-07,data\ravdess\Actor_07\01-01-04-01-01-01-07.mp4,sad,RAVDESS acted emotion,train,male
01-01-04-01-01-02-07,actor-07,01-01-04-01-01-02-07,data\ravdess\Actor_07\01-01-04-01-01-02-07.mp4,sad,RAVDESS acted emotion,train,male
01-01-04-01-02-01-07,actor-07,01-01-04-01-02-01-07,data\ravdess\Actor_07\01-01-04-01-02-01-07.mp4,sad,RAVDESS acted emotion,train,male
01-01-04-01-02-02-07,actor-07,01-01-04-01-02-02-07,data\ravdess\Actor_07\01-01-04-01-02-02-07.mp4,sad,RAVDESS acted emotion,train,male
01-01-04-02-01-01-07,actor-07,01-01-04-02-01-01-07,data\ravdess\Actor_07\01-01-04-02-01-01-07.mp4,sad,RAVDESS acted emotion,train,male
01-01-04-02-01-02-07,actor-07,01-01-04-02-01-02-07,data\ravdess\Actor_07\01-01-04-02-01-02-07.mp4,sad,RAVDESS acted emotion,train,male
01-01-04-02-02-01-07,actor-07,01-01-04-02-02-01-07,data\ravdess\Actor_07\01-01-04-02-02-01-07.mp4,sad,RAVDESS acted emotion,train,male
01-01-04-02-02-02-07,actor-07,01-01-04-02-02-02-07,data\ravdess\Actor_07\01-01-04-02-02-02-07.mp4,sad,RAVDESS acted emotion,train,male
01-01-05-01-01-01-07,actor-07,01-01-05-01-01-01-07,data\ravdess\Actor_07\01-01-05-01-01-01-07.mp4,angry,RAVDESS acted emotion,train,male
01-01-05-01-01-02-07,actor-07,01-01-05-01-01-02-07,data\ravdess\Actor_07\01-01-05-01-01-02-07.mp4,angry,RAVDESS acted emotion,train,male
01-01-05-01-02-01-07,actor-07,01-01-05-01-02-01-07,data\ravdess\Actor_07\01-01-05-01-02-01-07.mp4,angry,RAVDESS acted emotion,train,male
01-01-05-01-02-02-07,actor-07,01-01-05-01-02-02-07,data\ravdess\Actor_07\01-01-05-01-02-02-07.mp4,angry,RAVDESS acted emotion,train,male
01-01-05-02-01-01-07,actor-07,01-01-05-02-01-01-07,data\ravdess\Actor_07\01-01-05-02-01-01-07.mp4,angry,RAVDESS acted emotion,train,male
01-01-05-02-01-02-07,actor-07,01-01-05-02-01-02-07,data\ravdess\Actor_07\01-01-05-02-01-02-07.mp4,angry,RAVDESS acted emotion,train,male
01-01-05-02-02-01-07,actor-07,01-01-05-02-02-01-07,data\ravdess\Actor_07\01-01-05-02-02-01-07.mp4,angry,RAVDESS acted emotion,train,male
01-01-05-02-02-02-07,actor-07,01-01-05-02-02-02-07,data\ravdess\Actor_07\01-01-05-02-02-02-07.mp4,angry,RAVDESS acted emotion,train,male
01-01-06-01-01-01-07,actor-07,01-01-06-01-01-01-07,data\ravdess\Actor_07\01-01-06-01-01-01-07.mp4,fearful,RAVDESS acted emotion,train,male
01-01-06-01-01-02-07,actor-07,01-01-06-01-01-02-07,data\ravdess\Actor_07\01-01-06-01-01-02-07.mp4,fearful,RAVDESS acted emotion,train,male
01-01-06-01-02-01-07,actor-07,01-01-06-01-02-01-07,data\ravdess\Actor_07\01-01-06-01-02-01-07.mp4,fearful,RAVDESS acted emotion,train,male
01-01-06-01-02-02-07,actor-07,01-01-06-01-02-02-07,data\ravdess\Actor_07\01-01-06-01-02-02-07.mp4,fearful,RAVDESS acted emotion,train,male
01-01-06-02-01-01-07,actor-07,01-01-06-02-01-01-07,data\ravdess\Actor_07\01-01-06-02-01-01-07.mp4,fearful,RAVDESS acted emotion,train,male
01-01-06-02-01-02-07,actor-07,01-01-06-02-01-02-07,data\ravdess\Actor_07\01-01-06-02-01-02-07.mp4,fearful,RAVDESS acted emotion,train,male
01-01-06-02-02-01-07,actor-07,01-01-06-02-02-01-07,data\ravdess\Actor_07\01-01-06-02-02-01-07.mp4,fearful,RAVDESS acted emotion,train,male
01-01-06-02-02-02-07,actor-07,01-01-06-02-02-02-07,data\ravdess\Actor_07\01-01-06-02-02-02-07.mp4,fearful,RAVDESS acted emotion,train,male
01-01-07-01-01-01-07,actor-07,01-01-07-01-01-01-07,data\ravdess\Actor_07\01-01-07-01-01-01-07.mp4,disgust,RAVDESS acted emotion,train,male
01-01-07-01-01-02-07,actor-07,01-01-07-01-01-02-07,data\ravdess\Actor_07\01-01-07-01-01-02-07.mp4,disgust,RAVDESS acted emotion,train,male
01-01-07-01-02-01-07,actor-07,01-01-07-01-02-01-07,data\ravdess\Actor_07\01-01-07-01-02-01-07.mp4,disgust,RAVDESS acted emotion,train,male
01-01-07-01-02-02-07,actor-07,01-01-07-01-02-02-07,data\ravdess\Actor_07\01-01-07-01-02-02-07.mp4,disgust,RAVDESS acted emotion,train,male
01-01-07-02-01-01-07,actor-07,01-01-07-02-01-01-07,data\ravdess\Actor_07\01-01-07-02-01-01-07.mp4,disgust,RAVDESS acted emotion,train,male
01-01-07-02-01-02-07,actor-07,01-01-07-02-01-02-07,data\ravdess\Actor_07\01-01-07-02-01-02-07.mp4,disgust,RAVDESS acted emotion,train,male
01-01-07-02-02-01-07,actor-07,01-01-07-02-02-01-07,data\ravdess\Actor_07\01-01-07-02-02-01-07.mp4,disgust,RAVDESS acted emotion,train,male
01-01-07-02-02-02-07,actor-07,01-01-07-02-02-02-07,data\ravdess\Actor_07\01-01-07-02-02-02-07.mp4,disgust,RAVDESS acted emotion,train,male
01-01-08-01-01-01-07,actor-07,01-01-08-01-01-01-07,data\ravdess\Actor_07\01-01-08-01-01-01-07.mp4,surprised,RAVDESS acted emotion,train,male
01-01-08-01-01-02-07,actor-07,01-01-08-01-01-02-07,data\ravdess\Actor_07\01-01-08-01-01-02-07.mp4,surprised,RAVDESS acted emotion,train,male
01-01-08-01-02-01-07,actor-07,01-01-08-01-02-01-07,data\ravdess\Actor_07\01-01-08-01-02-01-07.mp4,surprised,RAVDESS acted emotion,train,male
01-01-08-01-02-02-07,actor-07,01-01-08-01-02-02-07,data\ravdess\Actor_07\01-01-08-01-02-02-07.mp4,surprised,RAVDESS acted emotion,train,male
01-01-08-02-01-01-07,actor-07,01-01-08-02-01-01-07,data\ravdess\Actor_07\01-01-08-02-01-01-07.mp4,surprised,RAVDESS acted emotion,train,male
01-01-08-02-01-02-07,actor-07,01-01-08-02-01-02-07,data\ravdess\Actor_07\01-01-08-02-01-02-07.mp4,surprised,RAVDESS acted emotion,train,male
01-01-08-02-02-01-07,actor-07,01-01-08-02-02-01-07,data\ravdess\Actor_07\01-01-08-02-02-01-07.mp4,surprised,RAVDESS acted emotion,train,male
01-01-08-02-02-02-07,actor-07,01-01-08-02-02-02-07,data\ravdess\Actor_07\01-01-08-02-02-02-07.mp4,surprised,RAVDESS acted emotion,train,male
01-01-01-01-01-01-08,actor-08,01-01-01-01-01-01-08,data\ravdess\Actor_08\01-01-01-01-01-01-08.mp4,neutral,RAVDESS acted emotion,validation,female
01-01-01-01-01-02-08,actor-08,01-01-01-01-01-02-08,data\ravdess\Actor_08\01-01-01-01-01-02-08.mp4,neutral,RAVDESS acted emotion,validation,female
01-01-01-01-02-01-08,actor-08,01-01-01-01-02-01-08,data\ravdess\Actor_08\01-01-01-01-02-01-08.mp4,neutral,RAVDESS acted emotion,validation,female
01-01-01-01-02-02-08,actor-08,01-01-01-01-02-02-08,data\ravdess\Actor_08\01-01-01-01-02-02-08.mp4,neutral,RAVDESS acted emotion,validation,female
01-01-02-01-01-01-08,actor-08,01-01-02-01-01-01-08,data\ravdess\Actor_08\01-01-02-01-01-01-08.mp4,calm,RAVDESS acted emotion,validation,female
01-01-02-01-01-02-08,actor-08,01-01-02-01-01-02-08,data\ravdess\Actor_08\01-01-02-01-01-02-08.mp4,calm,RAVDESS acted emotion,validation,female
01-01-02-01-02-01-08,actor-08,01-01-02-01-02-01-08,data\ravdess\Actor_08\01-01-02-01-02-01-08.mp4,calm,RAVDESS acted emotion,validation,female
01-01-02-01-02-02-08,actor-08,01-01-02-01-02-02-08,data\ravdess\Actor_08\01-01-02-01-02-02-08.mp4,calm,RAVDESS acted emotion,validation,female
01-01-02-02-01-01-08,actor-08,01-01-02-02-01-01-08,data\ravdess\Actor_08\01-01-02-02-01-01-08.mp4,calm,RAVDESS acted emotion,validation,female
01-01-02-02-01-02-08,actor-08,01-01-02-02-01-02-08,data\ravdess\Actor_08\01-01-02-02-01-02-08.mp4,calm,RAVDESS acted emotion,validation,female
01-01-02-02-02-01-08,actor-08,01-01-02-02-02-01-08,data\ravdess\Actor_08\01-01-02-02-02-01-08.mp4,calm,RAVDESS acted emotion,validation,female
01-01-02-02-02-02-08,actor-08,01-01-02-02-02-02-08,data\ravdess\Actor_08\01-01-02-02-02-02-08.mp4,calm,RAVDESS acted emotion,validation,female
01-01-03-01-01-01-08,actor-08,01-01-03-01-01-01-08,data\ravdess\Actor_08\01-01-03-01-01-01-08.mp4,happy,RAVDESS acted emotion,validation,female
01-01-03-01-01-02-08,actor-08,01-01-03-01-01-02-08,data\ravdess\Actor_08\01-01-03-01-01-02-08.mp4,happy,RAVDESS acted emotion,validation,female
01-01-03-01-02-01-08,actor-08,01-01-03-01-02-01-08,data\ravdess\Actor_08\01-01-03-01-02-01-08.mp4,happy,RAVDESS acted emotion,validation,female
01-01-03-01-02-02-08,actor-08,01-01-03-01-02-02-08,data\ravdess\Actor_08\01-01-03-01-02-02-08.mp4,happy,RAVDESS acted emotion,validation,female
01-01-03-02-01-01-08,actor-08,01-01-03-02-01-01-08,data\ravdess\Actor_08\01-01-03-02-01-01-08.mp4,happy,RAVDESS acted emotion,validation,female
01-01-03-02-01-02-08,actor-08,01-01-03-02-01-02-08,data\ravdess\Actor_08\01-01-03-02-01-02-08.mp4,happy,RAVDESS acted emotion,validation,female
01-01-03-02-02-01-08,actor-08,01-01-03-02-02-01-08,data\ravdess\Actor_08\01-01-03-02-02-01-08.mp4,happy,RAVDESS acted emotion,validation,female
01-01-03-02-02-02-08,actor-08,01-01-03-02-02-02-08,data\ravdess\Actor_08\01-01-03-02-02-02-08.mp4,happy,RAVDESS acted emotion,validation,female
01-01-04-01-01-01-08,actor-08,01-01-04-01-01-01-08,data\ravdess\Actor_08\01-01-04-01-01-01-08.mp4,sad,RAVDESS acted emotion,validation,female
01-01-04-01-01-02-08,actor-08,01-01-04-01-01-02-08,data\ravdess\Actor_08\01-01-04-01-01-02-08.mp4,sad,RAVDESS acted emotion,validation,female
01-01-04-01-02-01-08,actor-08,01-01-04-01-02-01-08,data\ravdess\Actor_08\01-01-04-01-02-01-08.mp4,sad,RAVDESS acted emotion,validation,female
01-01-04-01-02-02-08,actor-08,01-01-04-01-02-02-08,data\ravdess\Actor_08\01-01-04-01-02-02-08.mp4,sad,RAVDESS acted emotion,validation,female
01-01-04-02-01-01-08,actor-08,01-01-04-02-01-01-08,data\ravdess\Actor_08\01-01-04-02-01-01-08.mp4,sad,RAVDESS acted emotion,validation,female
01-01-04-02-01-02-08,actor-08,01-01-04-02-01-02-08,data\ravdess\Actor_08\01-01-04-02-01-02-08.mp4,sad,RAVDESS acted emotion,validation,female
01-01-04-02-02-01-08,actor-08,01-01-04-02-02-01-08,data\ravdess\Actor_08\01-01-04-02-02-01-08.mp4,sad,RAVDESS acted emotion,validation,female
01-01-04-02-02-02-08,actor-08,01-01-04-02-02-02-08,data\ravdess\Actor_08\01-01-04-02-02-02-08.mp4,sad,RAVDESS acted emotion,validation,female
01-01-05-01-01-01-08,actor-08,01-01-05-01-01-01-08,data\ravdess\Actor_08\01-01-05-01-01-01-08.mp4,angry,RAVDESS acted emotion,validation,female
01-01-05-01-01-02-08,actor-08,01-01-05-01-01-02-08,data\ravdess\Actor_08\01-01-05-01-01-02-08.mp4,angry,RAVDESS acted emotion,validation,female
01-01-05-01-02-01-08,actor-08,01-01-05-01-02-01-08,data\ravdess\Actor_08\01-01-05-01-02-01-08.mp4,angry,RAVDESS acted emotion,validation,female
01-01-05-01-02-02-08,actor-08,01-01-05-01-02-02-08,data\ravdess\Actor_08\01-01-05-01-02-02-08.mp4,angry,RAVDESS acted emotion,validation,female
01-01-05-02-01-01-08,actor-08,01-01-05-02-01-01-08,data\ravdess\Actor_08\01-01-05-02-01-01-08.mp4,angry,RAVDESS acted emotion,validation,female
01-01-05-02-01-02-08,actor-08,01-01-05-02-01-02-08,data\ravdess\Actor_08\01-01-05-02-01-02-08.mp4,angry,RAVDESS acted emotion,validation,female
01-01-05-02-02-01-08,actor-08,01-01-05-02-02-01-08,data\ravdess\Actor_08\01-01-05-02-02-01-08.mp4,angry,RAVDESS acted emotion,validation,female
01-01-05-02-02-02-08,actor-08,01-01-05-02-02-02-08,data\ravdess\Actor_08\01-01-05-02-02-02-08.mp4,angry,RAVDESS acted emotion,validation,female
01-01-06-01-01-01-08,actor-08,01-01-06-01-01-01-08,data\ravdess\Actor_08\01-01-06-01-01-01-08.mp4,fearful,RAVDESS acted emotion,validation,female
01-01-06-01-01-02-08,actor-08,01-01-06-01-01-02-08,data\ravdess\Actor_08\01-01-06-01-01-02-08.mp4,fearful,RAVDESS acted emotion,validation,female
01-01-06-01-02-01-08,actor-08,01-01-06-01-02-01-08,data\ravdess\Actor_08\01-01-06-01-02-01-08.mp4,fearful,RAVDESS acted emotion,validation,female
01-01-06-01-02-02-08,actor-08,01-01-06-01-02-02-08,data\ravdess\Actor_08\01-01-06-01-02-02-08.mp4,fearful,RAVDESS acted emotion,validation,female
01-01-06-02-01-01-08,actor-08,01-01-06-02-01-01-08,data\ravdess\Actor_08\01-01-06-02-01-01-08.mp4,fearful,RAVDESS acted emotion,validation,female
01-01-06-02-01-02-08,actor-08,01-01-06-02-01-02-08,data\ravdess\Actor_08\01-01-06-02-01-02-08.mp4,fearful,RAVDESS acted emotion,validation,female
01-01-06-02-02-01-08,actor-08,01-01-06-02-02-01-08,data\ravdess\Actor_08\01-01-06-02-02-01-08.mp4,fearful,RAVDESS acted emotion,validation,female
01-01-06-02-02-02-08,actor-08,01-01-06-02-02-02-08,data\ravdess\Actor_08\01-01-06-02-02-02-08.mp4,fearful,RAVDESS acted emotion,validation,female
01-01-07-01-01-01-08,actor-08,01-01-07-01-01-01-08,data\ravdess\Actor_08\01-01-07-01-01-01-08.mp4,disgust,RAVDESS acted emotion,validation,female
01-01-07-01-01-02-08,actor-08,01-01-07-01-01-02-08,data\ravdess\Actor_08\01-01-07-01-01-02-08.mp4,disgust,RAVDESS acted emotion,validation,female
01-01-07-01-02-01-08,actor-08,01-01-07-01-02-01-08,data\ravdess\Actor_08\01-01-07-01-02-01-08.mp4,disgust,RAVDESS acted emotion,validation,female
01-01-07-01-02-02-08,actor-08,01-01-07-01-02-02-08,data\ravdess\Actor_08\01-01-07-01-02-02-08.mp4,disgust,RAVDESS acted emotion,validation,female
01-01-07-02-01-01-08,actor-08,01-01-07-02-01-01-08,data\ravdess\Actor_08\01-01-07-02-01-01-08.mp4,disgust,RAVDESS acted emotion,validation,female
01-01-07-02-01-02-08,actor-08,01-01-07-02-01-02-08,data\ravdess\Actor_08\01-01-07-02-01-02-08.mp4,disgust,RAVDESS acted emotion,validation,female
01-01-07-02-02-01-08,actor-08,01-01-07-02-02-01-08,data\ravdess\Actor_08\01-01-07-02-02-01-08.mp4,disgust,RAVDESS acted emotion,validation,female
01-01-07-02-02-02-08,actor-08,01-01-07-02-02-02-08,data\ravdess\Actor_08\01-01-07-02-02-02-08.mp4,disgust,RAVDESS acted emotion,validation,female
01-01-08-01-01-01-08,actor-08,01-01-08-01-01-01-08,data\ravdess\Actor_08\01-01-08-01-01-01-08.mp4,surprised,RAVDESS acted emotion,validation,female
01-01-08-01-01-02-08,actor-08,01-01-08-01-01-02-08,data\ravdess\Actor_08\01-01-08-01-01-02-08.mp4,surprised,RAVDESS acted emotion,validation,female
01-01-08-01-02-01-08,actor-08,01-01-08-01-02-01-08,data\ravdess\Actor_08\01-01-08-01-02-01-08.mp4,surprised,RAVDESS acted emotion,validation,female
01-01-08-01-02-02-08,actor-08,01-01-08-01-02-02-08,data\ravdess\Actor_08\01-01-08-01-02-02-08.mp4,surprised,RAVDESS acted emotion,validation,female
01-01-08-02-01-01-08,actor-08,01-01-08-02-01-01-08,data\ravdess\Actor_08\01-01-08-02-01-01-08.mp4,surprised,RAVDESS acted emotion,validation,female
01-01-08-02-01-02-08,actor-08,01-01-08-02-01-02-08,data\ravdess\Actor_08\01-01-08-02-01-02-08.mp4,surprised,RAVDESS acted emotion,validation,female
01-01-08-02-02-01-08,actor-08,01-01-08-02-02-01-08,data\ravdess\Actor_08\01-01-08-02-02-01-08.mp4,surprised,RAVDESS acted emotion,validation,female
01-01-08-02-02-02-08,actor-08,01-01-08-02-02-02-08,data\ravdess\Actor_08\01-01-08-02-02-02-08.mp4,surprised,RAVDESS acted emotion,validation,female
01-01-01-01-01-01-09,actor-09,01-01-01-01-01-01-09,data\ravdess\Actor_09\01-01-01-01-01-01-09.mp4,neutral,RAVDESS acted emotion,validation,male
01-01-01-01-01-02-09,actor-09,01-01-01-01-01-02-09,data\ravdess\Actor_09\01-01-01-01-01-02-09.mp4,neutral,RAVDESS acted emotion,validation,male
01-01-01-01-02-01-09,actor-09,01-01-01-01-02-01-09,data\ravdess\Actor_09\01-01-01-01-02-01-09.mp4,neutral,RAVDESS acted emotion,validation,male
01-01-01-01-02-02-09,actor-09,01-01-01-01-02-02-09,data\ravdess\Actor_09\01-01-01-01-02-02-09.mp4,neutral,RAVDESS acted emotion,validation,male
01-01-02-01-01-01-09,actor-09,01-01-02-01-01-01-09,data\ravdess\Actor_09\01-01-02-01-01-01-09.mp4,calm,RAVDESS acted emotion,validation,male
01-01-02-01-01-02-09,actor-09,01-01-02-01-01-02-09,data\ravdess\Actor_09\01-01-02-01-01-02-09.mp4,calm,RAVDESS acted emotion,validation,male
01-01-02-01-02-01-09,actor-09,01-01-02-01-02-01-09,data\ravdess\Actor_09\01-01-02-01-02-01-09.mp4,calm,RAVDESS acted emotion,validation,male
01-01-02-01-02-02-09,actor-09,01-01-02-01-02-02-09,data\ravdess\Actor_09\01-01-02-01-02-02-09.mp4,calm,RAVDESS acted emotion,validation,male
01-01-02-02-01-01-09,actor-09,01-01-02-02-01-01-09,data\ravdess\Actor_09\01-01-02-02-01-01-09.mp4,calm,RAVDESS acted emotion,validation,male
01-01-02-02-01-02-09,actor-09,01-01-02-02-01-02-09,data\ravdess\Actor_09\01-01-02-02-01-02-09.mp4,calm,RAVDESS acted emotion,validation,male
01-01-02-02-02-01-09,actor-09,01-01-02-02-02-01-09,data\ravdess\Actor_09\01-01-02-02-02-01-09.mp4,calm,RAVDESS acted emotion,validation,male
01-01-02-02-02-02-09,actor-09,01-01-02-02-02-02-09,data\ravdess\Actor_09\01-01-02-02-02-02-09.mp4,calm,RAVDESS acted emotion,validation,male
01-01-03-01-01-01-09,actor-09,01-01-03-01-01-01-09,data\ravdess\Actor_09\01-01-03-01-01-01-09.mp4,happy,RAVDESS acted emotion,validation,male
01-01-03-01-01-02-09,actor-09,01-01-03-01-01-02-09,data\ravdess\Actor_09\01-01-03-01-01-02-09.mp4,happy,RAVDESS acted emotion,validation,male
01-01-03-01-02-01-09,actor-09,01-01-03-01-02-01-09,data\ravdess\Actor_09\01-01-03-01-02-01-09.mp4,happy,RAVDESS acted emotion,validation,male
01-01-03-01-02-02-09,actor-09,01-01-03-01-02-02-09,data\ravdess\Actor_09\01-01-03-01-02-02-09.mp4,happy,RAVDESS acted emotion,validation,male
01-01-03-02-01-01-09,actor-09,01-01-03-02-01-01-09,data\ravdess\Actor_09\01-01-03-02-01-01-09.mp4,happy,RAVDESS acted emotion,validation,male
01-01-03-02-01-02-09,actor-09,01-01-03-02-01-02-09,data\ravdess\Actor_09\01-01-03-02-01-02-09.mp4,happy,RAVDESS acted emotion,validation,male
01-01-03-02-02-01-09,actor-09,01-01-03-02-02-01-09,data\ravdess\Actor_09\01-01-03-02-02-01-09.mp4,happy,RAVDESS acted emotion,validation,male
01-01-03-02-02-02-09,actor-09,01-01-03-02-02-02-09,data\ravdess\Actor_09\01-01-03-02-02-02-09.mp4,happy,RAVDESS acted emotion,validation,male
01-01-04-01-01-01-09,actor-09,01-01-04-01-01-01-09,data\ravdess\Actor_09\01-01-04-01-01-01-09.mp4,sad,RAVDESS acted emotion,validation,male
01-01-04-01-01-02-09,actor-09,01-01-04-01-01-02-09,data\ravdess\Actor_09\01-01-04-01-01-02-09.mp4,sad,RAVDESS acted emotion,validation,male
01-01-04-01-02-01-09,actor-09,01-01-04-01-02-01-09,data\ravdess\Actor_09\01-01-04-01-02-01-09.mp4,sad,RAVDESS acted emotion,validation,male
01-01-04-01-02-02-09,actor-09,01-01-04-01-02-02-09,data\ravdess\Actor_09\01-01-04-01-02-02-09.mp4,sad,RAVDESS acted emotion,validation,male
01-01-04-02-01-01-09,actor-09,01-01-04-02-01-01-09,data\ravdess\Actor_09\01-01-04-02-01-01-09.mp4,sad,RAVDESS acted emotion,validation,male
01-01-04-02-01-02-09,actor-09,01-01-04-02-01-02-09,data\ravdess\Actor_09\01-01-04-02-01-02-09.mp4,sad,RAVDESS acted emotion,validation,male
01-01-04-02-02-01-09,actor-09,01-01-04-02-02-01-09,data\ravdess\Actor_09\01-01-04-02-02-01-09.mp4,sad,RAVDESS acted emotion,validation,male
01-01-04-02-02-02-09,actor-09,01-01-04-02-02-02-09,data\ravdess\Actor_09\01-01-04-02-02-02-09.mp4,sad,RAVDESS acted emotion,validation,male
01-01-05-01-01-01-09,actor-09,01-01-05-01-01-01-09,data\ravdess\Actor_09\01-01-05-01-01-01-09.mp4,angry,RAVDESS acted emotion,validation,male
01-01-05-01-01-02-09,actor-09,01-01-05-01-01-02-09,data\ravdess\Actor_09\01-01-05-01-01-02-09.mp4,angry,RAVDESS acted emotion,validation,male
01-01-05-01-02-01-09,actor-09,01-01-05-01-02-01-09,data\ravdess\Actor_09\01-01-05-01-02-01-09.mp4,angry,RAVDESS acted emotion,validation,male
01-01-05-01-02-02-09,actor-09,01-01-05-01-02-02-09,data\ravdess\Actor_09\01-01-05-01-02-02-09.mp4,angry,RAVDESS acted emotion,validation,male
01-01-05-02-01-01-09,actor-09,01-01-05-02-01-01-09,data\ravdess\Actor_09\01-01-05-02-01-01-09.mp4,angry,RAVDESS acted emotion,validation,male
01-01-05-02-01-02-09,actor-09,01-01-05-02-01-02-09,data\ravdess\Actor_09\01-01-05-02-01-02-09.mp4,angry,RAVDESS acted emotion,validation,male
01-01-05-02-02-01-09,actor-09,01-01-05-02-02-01-09,data\ravdess\Actor_09\01-01-05-02-02-01-09.mp4,angry,RAVDESS acted emotion,validation,male
01-01-05-02-02-02-09,actor-09,01-01-05-02-02-02-09,data\ravdess\Actor_09\01-01-05-02-02-02-09.mp4,angry,RAVDESS acted emotion,validation,male
01-01-06-01-01-01-09,actor-09,01-01-06-01-01-01-09,data\ravdess\Actor_09\01-01-06-01-01-01-09.mp4,fearful,RAVDESS acted emotion,validation,male
01-01-06-01-01-02-09,actor-09,01-01-06-01-01-02-09,data\ravdess\Actor_09\01-01-06-01-01-02-09.mp4,fearful,RAVDESS acted emotion,validation,male
01-01-06-01-02-01-09,actor-09,01-01-06-01-02-01-09,data\ravdess\Actor_09\01-01-06-01-02-01-09.mp4,fearful,RAVDESS acted emotion,validation,male
01-01-06-01-02-02-09,actor-09,01-01-06-01-02-02-09,data\ravdess\Actor_09\01-01-06-01-02-02-09.mp4,fearful,RAVDESS acted emotion,validation,male
01-01-06-02-01-01-09,actor-09,01-01-06-02-01-01-09,data\ravdess\Actor_09\01-01-06-02-01-01-09.mp4,fearful,RAVDESS acted emotion,validation,male
01-01-06-02-01-02-09,actor-09,01-01-06-02-01-02-09,data\ravdess\Actor_09\01-01-06-02-01-02-09.mp4,fearful,RAVDESS acted emotion,validation,male
01-01-06-02-02-01-09,actor-09,01-01-06-02-02-01-09,data\ravdess\Actor_09\01-01-06-02-02-01-09.mp4,fearful,RAVDESS acted emotion,validation,male
01-01-06-02-02-02-09,actor-09,01-01-06-02-02-02-09,data\ravdess\Actor_09\01-01-06-02-02-02-09.mp4,fearful,RAVDESS acted emotion,validation,male
01-01-07-01-01-01-09,actor-09,01-01-07-01-01-01-09,data\ravdess\Actor_09\01-01-07-01-01-01-09.mp4,disgust,RAVDESS acted emotion,validation,male
01-01-07-01-01-02-09,actor-09,01-01-07-01-01-02-09,data\ravdess\Actor_09\01-01-07-01-01-02-09.mp4,disgust,RAVDESS acted emotion,validation,male
01-01-07-01-02-01-09,actor-09,01-01-07-01-02-01-09,data\ravdess\Actor_09\01-01-07-01-02-01-09.mp4,disgust,RAVDESS acted emotion,validation,male
01-01-07-01-02-02-09,actor-09,01-01-07-01-02-02-09,data\ravdess\Actor_09\01-01-07-01-02-02-09.mp4,disgust,RAVDESS acted emotion,validation,male
01-01-07-02-01-01-09,actor-09,01-01-07-02-01-01-09,data\ravdess\Actor_09\01-01-07-02-01-01-09.mp4,disgust,RAVDESS acted emotion,validation,male
01-01-07-02-01-02-09,actor-09,01-01-07-02-01-02-09,data\ravdess\Actor_09\01-01-07-02-01-02-09.mp4,disgust,RAVDESS acted emotion,validation,male
01-01-07-02-02-01-09,actor-09,01-01-07-02-02-01-09,data\ravdess\Actor_09\01-01-07-02-02-01-09.mp4,disgust,RAVDESS acted emotion,validation,male
01-01-07-02-02-02-09,actor-09,01-01-07-02-02-02-09,data\ravdess\Actor_09\01-01-07-02-02-02-09.mp4,disgust,RAVDESS acted emotion,validation,male
01-01-08-01-01-01-09,actor-09,01-01-08-01-01-01-09,data\ravdess\Actor_09\01-01-08-01-01-01-09.mp4,surprised,RAVDESS acted emotion,validation,male
01-01-08-01-01-02-09,actor-09,01-01-08-01-01-02-09,data\ravdess\Actor_09\01-01-08-01-01-02-09.mp4,surprised,RAVDESS acted emotion,validation,male
01-01-08-01-02-01-09,actor-09,01-01-08-01-02-01-09,data\ravdess\Actor_09\01-01-08-01-02-01-09.mp4,surprised,RAVDESS acted emotion,validation,male
01-01-08-01-02-02-09,actor-09,01-01-08-01-02-02-09,data\ravdess\Actor_09\01-01-08-01-02-02-09.mp4,surprised,RAVDESS acted emotion,validation,male
01-01-08-02-01-01-09,actor-09,01-01-08-02-01-01-09,data\ravdess\Actor_09\01-01-08-02-01-01-09.mp4,surprised,RAVDESS acted emotion,validation,male
01-01-08-02-01-02-09,actor-09,01-01-08-02-01-02-09,data\ravdess\Actor_09\01-01-08-02-01-02-09.mp4,surprised,RAVDESS acted emotion,validation,male
01-01-08-02-02-01-09,actor-09,01-01-08-02-02-01-09,data\ravdess\Actor_09\01-01-08-02-02-01-09.mp4,surprised,RAVDESS acted emotion,validation,male
01-01-08-02-02-02-09,actor-09,01-01-08-02-02-02-09,data\ravdess\Actor_09\01-01-08-02-02-02-09.mp4,surprised,RAVDESS acted emotion,validation,male
01-01-01-01-01-01-10,actor-10,01-01-01-01-01-01-10,data\ravdess\Actor_10\01-01-01-01-01-01-10.mp4,neutral,RAVDESS acted emotion,train,female
01-01-01-01-01-02-10,actor-10,01-01-01-01-01-02-10,data\ravdess\Actor_10\01-01-01-01-01-02-10.mp4,neutral,RAVDESS acted emotion,train,female
01-01-01-01-02-01-10,actor-10,01-01-01-01-02-01-10,data\ravdess\Actor_10\01-01-01-01-02-01-10.mp4,neutral,RAVDESS acted emotion,train,female
01-01-01-01-02-02-10,actor-10,01-01-01-01-02-02-10,data\ravdess\Actor_10\01-01-01-01-02-02-10.mp4,neutral,RAVDESS acted emotion,train,female
01-01-02-01-01-01-10,actor-10,01-01-02-01-01-01-10,data\ravdess\Actor_10\01-01-02-01-01-01-10.mp4,calm,RAVDESS acted emotion,train,female
01-01-02-01-01-02-10,actor-10,01-01-02-01-01-02-10,data\ravdess\Actor_10\01-01-02-01-01-02-10.mp4,calm,RAVDESS acted emotion,train,female
01-01-02-01-02-01-10,actor-10,01-01-02-01-02-01-10,data\ravdess\Actor_10\01-01-02-01-02-01-10.mp4,calm,RAVDESS acted emotion,train,female
01-01-02-01-02-02-10,actor-10,01-01-02-01-02-02-10,data\ravdess\Actor_10\01-01-02-01-02-02-10.mp4,calm,RAVDESS acted emotion,train,female
01-01-02-02-01-01-10,actor-10,01-01-02-02-01-01-10,data\ravdess\Actor_10\01-01-02-02-01-01-10.mp4,calm,RAVDESS acted emotion,train,female
01-01-02-02-01-02-10,actor-10,01-01-02-02-01-02-10,data\ravdess\Actor_10\01-01-02-02-01-02-10.mp4,calm,RAVDESS acted emotion,train,female
01-01-02-02-02-01-10,actor-10,01-01-02-02-02-01-10,data\ravdess\Actor_10\01-01-02-02-02-01-10.mp4,calm,RAVDESS acted emotion,train,female
01-01-02-02-02-02-10,actor-10,01-01-02-02-02-02-10,data\ravdess\Actor_10\01-01-02-02-02-02-10.mp4,calm,RAVDESS acted emotion,train,female
01-01-03-01-01-01-10,actor-10,01-01-03-01-01-01-10,data\ravdess\Actor_10\01-01-03-01-01-01-10.mp4,happy,RAVDESS acted emotion,train,female
01-01-03-01-01-02-10,actor-10,01-01-03-01-01-02-10,data\ravdess\Actor_10\01-01-03-01-01-02-10.mp4,happy,RAVDESS acted emotion,train,female
01-01-03-01-02-01-10,actor-10,01-01-03-01-02-01-10,data\ravdess\Actor_10\01-01-03-01-02-01-10.mp4,happy,RAVDESS acted emotion,train,female
01-01-03-01-02-02-10,actor-10,01-01-03-01-02-02-10,data\ravdess\Actor_10\01-01-03-01-02-02-10.mp4,happy,RAVDESS acted emotion,train,female
01-01-03-02-01-01-10,actor-10,01-01-03-02-01-01-10,data\ravdess\Actor_10\01-01-03-02-01-01-10.mp4,happy,RAVDESS acted emotion,train,female
01-01-03-02-01-02-10,actor-10,01-01-03-02-01-02-10,data\ravdess\Actor_10\01-01-03-02-01-02-10.mp4,happy,RAVDESS acted emotion,train,female
01-01-03-02-02-01-10,actor-10,01-01-03-02-02-01-10,data\ravdess\Actor_10\01-01-03-02-02-01-10.mp4,happy,RAVDESS acted emotion,train,female
01-01-03-02-02-02-10,actor-10,01-01-03-02-02-02-10,data\ravdess\Actor_10\01-01-03-02-02-02-10.mp4,happy,RAVDESS acted emotion,train,female
01-01-04-01-01-01-10,actor-10,01-01-04-01-01-01-10,data\ravdess\Actor_10\01-01-04-01-01-01-10.mp4,sad,RAVDESS acted emotion,train,female
01-01-04-01-01-02-10,actor-10,01-01-04-01-01-02-10,data\ravdess\Actor_10\01-01-04-01-01-02-10.mp4,sad,RAVDESS acted emotion,train,female
01-01-04-01-02-01-10,actor-10,01-01-04-01-02-01-10,data\ravdess\Actor_10\01-01-04-01-02-01-10.mp4,sad,RAVDESS acted emotion,train,female
01-01-04-01-02-02-10,actor-10,01-01-04-01-02-02-10,data\ravdess\Actor_10\01-01-04-01-02-02-10.mp4,sad,RAVDESS acted emotion,train,female
01-01-04-02-01-01-10,actor-10,01-01-04-02-01-01-10,data\ravdess\Actor_10\01-01-04-02-01-01-10.mp4,sad,RAVDESS acted emotion,train,female
01-01-04-02-01-02-10,actor-10,01-01-04-02-01-02-10,data\ravdess\Actor_10\01-01-04-02-01-02-10.mp4,sad,RAVDESS acted emotion,train,female
01-01-04-02-02-01-10,actor-10,01-01-04-02-02-01-10,data\ravdess\Actor_10\01-01-04-02-02-01-10.mp4,sad,RAVDESS acted emotion,train,female
01-01-04-02-02-02-10,actor-10,01-01-04-02-02-02-10,data\ravdess\Actor_10\01-01-04-02-02-02-10.mp4,sad,RAVDESS acted emotion,train,female
01-01-05-01-01-01-10,actor-10,01-01-05-01-01-01-10,data\ravdess\Actor_10\01-01-05-01-01-01-10.mp4,angry,RAVDESS acted emotion,train,female
01-01-05-01-01-02-10,actor-10,01-01-05-01-01-02-10,data\ravdess\Actor_10\01-01-05-01-01-02-10.mp4,angry,RAVDESS acted emotion,train,female
01-01-05-01-02-01-10,actor-10,01-01-05-01-02-01-10,data\ravdess\Actor_10\01-01-05-01-02-01-10.mp4,angry,RAVDESS acted emotion,train,female
01-01-05-01-02-02-10,actor-10,01-01-05-01-02-02-10,data\ravdess\Actor_10\01-01-05-01-02-02-10.mp4,angry,RAVDESS acted emotion,train,female
01-01-05-02-01-01-10,actor-10,01-01-05-02-01-01-10,data\ravdess\Actor_10\01-01-05-02-01-01-10.mp4,angry,RAVDESS acted emotion,train,female
01-01-05-02-01-02-10,actor-10,01-01-05-02-01-02-10,data\ravdess\Actor_10\01-01-05-02-01-02-10.mp4,angry,RAVDESS acted emotion,train,female
01-01-05-02-02-01-10,actor-10,01-01-05-02-02-01-10,data\ravdess\Actor_10\01-01-05-02-02-01-10.mp4,angry,RAVDESS acted emotion,train,female
01-01-05-02-02-02-10,actor-10,01-01-05-02-02-02-10,data\ravdess\Actor_10\01-01-05-02-02-02-10.mp4,angry,RAVDESS acted emotion,train,female
01-01-06-01-01-01-10,actor-10,01-01-06-01-01-01-10,data\ravdess\Actor_10\01-01-06-01-01-01-10.mp4,fearful,RAVDESS acted emotion,train,female
01-01-06-01-01-02-10,actor-10,01-01-06-01-01-02-10,data\ravdess\Actor_10\01-01-06-01-01-02-10.mp4,fearful,RAVDESS acted emotion,train,female
01-01-06-01-02-01-10,actor-10,01-01-06-01-02-01-10,data\ravdess\Actor_10\01-01-06-01-02-01-10.mp4,fearful,RAVDESS acted emotion,train,female
01-01-06-01-02-02-10,actor-10,01-01-06-01-02-02-10,data\ravdess\Actor_10\01-01-06-01-02-02-10.mp4,fearful,RAVDESS acted emotion,train,female
01-01-06-02-01-01-10,actor-10,01-01-06-02-01-01-10,data\ravdess\Actor_10\01-01-06-02-01-01-10.mp4,fearful,RAVDESS acted emotion,train,female
01-01-06-02-01-02-10,actor-10,01-01-06-02-01-02-10,data\ravdess\Actor_10\01-01-06-02-01-02-10.mp4,fearful,RAVDESS acted emotion,train,female
01-01-06-02-02-01-10,actor-10,01-01-06-02-02-01-10,data\ravdess\Actor_10\01-01-06-02-02-01-10.mp4,fearful,RAVDESS acted emotion,train,female
01-01-06-02-02-02-10,actor-10,01-01-06-02-02-02-10,data\ravdess\Actor_10\01-01-06-02-02-02-10.mp4,fearful,RAVDESS acted emotion,train,female
01-01-07-01-01-01-10,actor-10,01-01-07-01-01-01-10,data\ravdess\Actor_10\01-01-07-01-01-01-10.mp4,disgust,RAVDESS acted emotion,train,female
01-01-07-01-01-02-10,actor-10,01-01-07-01-01-02-10,data\ravdess\Actor_10\01-01-07-01-01-02-10.mp4,disgust,RAVDESS acted emotion,train,female
01-01-07-01-02-01-10,actor-10,01-01-07-01-02-01-10,data\ravdess\Actor_10\01-01-07-01-02-01-10.mp4,disgust,RAVDESS acted emotion,train,female
01-01-07-01-02-02-10,actor-10,01-01-07-01-02-02-10,data\ravdess\Actor_10\01-01-07-01-02-02-10.mp4,disgust,RAVDESS acted emotion,train,female
01-01-07-02-01-01-10,actor-10,01-01-07-02-01-01-10,data\ravdess\Actor_10\01-01-07-02-01-01-10.mp4,disgust,RAVDESS acted emotion,train,female
01-01-07-02-01-02-10,actor-10,01-01-07-02-01-02-10,data\ravdess\Actor_10\01-01-07-02-01-02-10.mp4,disgust,RAVDESS acted emotion,train,female
01-01-07-02-02-01-10,actor-10,01-01-07-02-02-01-10,data\ravdess\Actor_10\01-01-07-02-02-01-10.mp4,disgust,RAVDESS acted emotion,train,female
01-01-07-02-02-02-10,actor-10,01-01-07-02-02-02-10,data\ravdess\Actor_10\01-01-07-02-02-02-10.mp4,disgust,RAVDESS acted emotion,train,female
01-01-08-01-01-01-10,actor-10,01-01-08-01-01-01-10,data\ravdess\Actor_10\01-01-08-01-01-01-10.mp4,surprised,RAVDESS acted emotion,train,female
01-01-08-01-01-02-10,actor-10,01-01-08-01-01-02-10,data\ravdess\Actor_10\01-01-08-01-01-02-10.mp4,surprised,RAVDESS acted emotion,train,female
01-01-08-01-02-01-10,actor-10,01-01-08-01-02-01-10,data\ravdess\Actor_10\01-01-08-01-02-01-10.mp4,surprised,RAVDESS acted emotion,train,female
01-01-08-01-02-02-10,actor-10,01-01-08-01-02-02-10,data\ravdess\Actor_10\01-01-08-01-02-02-10.mp4,surprised,RAVDESS acted emotion,train,female
01-01-08-02-01-01-10,actor-10,01-01-08-02-01-01-10,data\ravdess\Actor_10\01-01-08-02-01-01-10.mp4,surprised,RAVDESS acted emotion,train,female
01-01-08-02-01-02-10,actor-10,01-01-08-02-01-02-10,data\ravdess\Actor_10\01-01-08-02-01-02-10.mp4,surprised,RAVDESS acted emotion,train,female
01-01-08-02-02-01-10,actor-10,01-01-08-02-02-01-10,data\ravdess\Actor_10\01-01-08-02-02-01-10.mp4,surprised,RAVDESS acted emotion,train,female
01-01-08-02-02-02-10,actor-10,01-01-08-02-02-02-10,data\ravdess\Actor_10\01-01-08-02-02-02-10.mp4,surprised,RAVDESS acted emotion,train,female
01-01-01-01-01-01-11,actor-11,01-01-01-01-01-01-11,data\ravdess\Actor_11\01-01-01-01-01-01-11.mp4,neutral,RAVDESS acted emotion,train,male
01-01-01-01-01-02-11,actor-11,01-01-01-01-01-02-11,data\ravdess\Actor_11\01-01-01-01-01-02-11.mp4,neutral,RAVDESS acted emotion,train,male
01-01-01-01-02-01-11,actor-11,01-01-01-01-02-01-11,data\ravdess\Actor_11\01-01-01-01-02-01-11.mp4,neutral,RAVDESS acted emotion,train,male
01-01-01-01-02-02-11,actor-11,01-01-01-01-02-02-11,data\ravdess\Actor_11\01-01-01-01-02-02-11.mp4,neutral,RAVDESS acted emotion,train,male
01-01-02-01-01-01-11,actor-11,01-01-02-01-01-01-11,data\ravdess\Actor_11\01-01-02-01-01-01-11.mp4,calm,RAVDESS acted emotion,train,male
01-01-02-01-01-02-11,actor-11,01-01-02-01-01-02-11,data\ravdess\Actor_11\01-01-02-01-01-02-11.mp4,calm,RAVDESS acted emotion,train,male
01-01-02-01-02-01-11,actor-11,01-01-02-01-02-01-11,data\ravdess\Actor_11\01-01-02-01-02-01-11.mp4,calm,RAVDESS acted emotion,train,male
01-01-02-01-02-02-11,actor-11,01-01-02-01-02-02-11,data\ravdess\Actor_11\01-01-02-01-02-02-11.mp4,calm,RAVDESS acted emotion,train,male
01-01-02-02-01-01-11,actor-11,01-01-02-02-01-01-11,data\ravdess\Actor_11\01-01-02-02-01-01-11.mp4,calm,RAVDESS acted emotion,train,male
01-01-02-02-01-02-11,actor-11,01-01-02-02-01-02-11,data\ravdess\Actor_11\01-01-02-02-01-02-11.mp4,calm,RAVDESS acted emotion,train,male
01-01-02-02-02-01-11,actor-11,01-01-02-02-02-01-11,data\ravdess\Actor_11\01-01-02-02-02-01-11.mp4,calm,RAVDESS acted emotion,train,male
01-01-02-02-02-02-11,actor-11,01-01-02-02-02-02-11,data\ravdess\Actor_11\01-01-02-02-02-02-11.mp4,calm,RAVDESS acted emotion,train,male
01-01-03-01-01-01-11,actor-11,01-01-03-01-01-01-11,data\ravdess\Actor_11\01-01-03-01-01-01-11.mp4,happy,RAVDESS acted emotion,train,male
01-01-03-01-01-02-11,actor-11,01-01-03-01-01-02-11,data\ravdess\Actor_11\01-01-03-01-01-02-11.mp4,happy,RAVDESS acted emotion,train,male
01-01-03-01-02-01-11,actor-11,01-01-03-01-02-01-11,data\ravdess\Actor_11\01-01-03-01-02-01-11.mp4,happy,RAVDESS acted emotion,train,male
01-01-03-01-02-02-11,actor-11,01-01-03-01-02-02-11,data\ravdess\Actor_11\01-01-03-01-02-02-11.mp4,happy,RAVDESS acted emotion,train,male
01-01-03-02-01-01-11,actor-11,01-01-03-02-01-01-11,data\ravdess\Actor_11\01-01-03-02-01-01-11.mp4,happy,RAVDESS acted emotion,train,male
01-01-03-02-01-02-11,actor-11,01-01-03-02-01-02-11,data\ravdess\Actor_11\01-01-03-02-01-02-11.mp4,happy,RAVDESS acted emotion,train,male
01-01-03-02-02-01-11,actor-11,01-01-03-02-02-01-11,data\ravdess\Actor_11\01-01-03-02-02-01-11.mp4,happy,RAVDESS acted emotion,train,male
01-01-03-02-02-02-11,actor-11,01-01-03-02-02-02-11,data\ravdess\Actor_11\01-01-03-02-02-02-11.mp4,happy,RAVDESS acted emotion,train,male
01-01-04-01-01-01-11,actor-11,01-01-04-01-01-01-11,data\ravdess\Actor_11\01-01-04-01-01-01-11.mp4,sad,RAVDESS acted emotion,train,male
01-01-04-01-01-02-11,actor-11,01-01-04-01-01-02-11,data\ravdess\Actor_11\01-01-04-01-01-02-11.mp4,sad,RAVDESS acted emotion,train,male
01-01-04-01-02-01-11,actor-11,01-01-04-01-02-01-11,data\ravdess\Actor_11\01-01-04-01-02-01-11.mp4,sad,RAVDESS acted emotion,train,male
01-01-04-01-02-02-11,actor-11,01-01-04-01-02-02-11,data\ravdess\Actor_11\01-01-04-01-02-02-11.mp4,sad,RAVDESS acted emotion,train,male
01-01-04-02-01-01-11,actor-11,01-01-04-02-01-01-11,data\ravdess\Actor_11\01-01-04-02-01-01-11.mp4,sad,RAVDESS acted emotion,train,male
01-01-04-02-01-02-11,actor-11,01-01-04-02-01-02-11,data\ravdess\Actor_11\01-01-04-02-01-02-11.mp4,sad,RAVDESS acted emotion,train,male
01-01-04-02-02-01-11,actor-11,01-01-04-02-02-01-11,data\ravdess\Actor_11\01-01-04-02-02-01-11.mp4,sad,RAVDESS acted emotion,train,male
01-01-04-02-02-02-11,actor-11,01-01-04-02-02-02-11,data\ravdess\Actor_11\01-01-04-02-02-02-11.mp4,sad,RAVDESS acted emotion,train,male
01-01-05-01-01-01-11,actor-11,01-01-05-01-01-01-11,data\ravdess\Actor_11\01-01-05-01-01-01-11.mp4,angry,RAVDESS acted emotion,train,male
01-01-05-01-01-02-11,actor-11,01-01-05-01-01-02-11,data\ravdess\Actor_11\01-01-05-01-01-02-11.mp4,angry,RAVDESS acted emotion,train,male
01-01-05-01-02-01-11,actor-11,01-01-05-01-02-01-11,data\ravdess\Actor_11\01-01-05-01-02-01-11.mp4,angry,RAVDESS acted emotion,train,male
01-01-05-01-02-02-11,actor-11,01-01-05-01-02-02-11,data\ravdess\Actor_11\01-01-05-01-02-02-11.mp4,angry,RAVDESS acted emotion,train,male
01-01-05-02-01-01-11,actor-11,01-01-05-02-01-01-11,data\ravdess\Actor_11\01-01-05-02-01-01-11.mp4,angry,RAVDESS acted emotion,train,male
01-01-05-02-01-02-11,actor-11,01-01-05-02-01-02-11,data\ravdess\Actor_11\01-01-05-02-01-02-11.mp4,angry,RAVDESS acted emotion,train,male
01-01-05-02-02-01-11,actor-11,01-01-05-02-02-01-11,data\ravdess\Actor_11\01-01-05-02-02-01-11.mp4,angry,RAVDESS acted emotion,train,male
01-01-05-02-02-02-11,actor-11,01-01-05-02-02-02-11,data\ravdess\Actor_11\01-01-05-02-02-02-11.mp4,angry,RAVDESS acted emotion,train,male
01-01-06-01-01-01-11,actor-11,01-01-06-01-01-01-11,data\ravdess\Actor_11\01-01-06-01-01-01-11.mp4,fearful,RAVDESS acted emotion,train,male
01-01-06-01-01-02-11,actor-11,01-01-06-01-01-02-11,data\ravdess\Actor_11\01-01-06-01-01-02-11.mp4,fearful,RAVDESS acted emotion,train,male
01-01-06-01-02-01-11,actor-11,01-01-06-01-02-01-11,data\ravdess\Actor_11\01-01-06-01-02-01-11.mp4,fearful,RAVDESS acted emotion,train,male
01-01-06-01-02-02-11,actor-11,01-01-06-01-02-02-11,data\ravdess\Actor_11\01-01-06-01-02-02-11.mp4,fearful,RAVDESS acted emotion,train,male
01-01-06-02-01-01-11,actor-11,01-01-06-02-01-01-11,data\ravdess\Actor_11\01-01-06-02-01-01-11.mp4,fearful,RAVDESS acted emotion,train,male
01-01-06-02-01-02-11,actor-11,01-01-06-02-01-02-11,data\ravdess\Actor_11\01-01-06-02-01-02-11.mp4,fearful,RAVDESS acted emotion,train,male
01-01-06-02-02-01-11,actor-11,01-01-06-02-02-01-11,data\ravdess\Actor_11\01-01-06-02-02-01-11.mp4,fearful,RAVDESS acted emotion,train,male
01-01-06-02-02-02-11,actor-11,01-01-06-02-02-02-11,data\ravdess\Actor_11\01-01-06-02-02-02-11.mp4,fearful,RAVDESS acted emotion,train,male
01-01-07-01-01-01-11,actor-11,01-01-07-01-01-01-11,data\ravdess\Actor_11\01-01-07-01-01-01-11.mp4,disgust,RAVDESS acted emotion,train,male
01-01-07-01-01-02-11,actor-11,01-01-07-01-01-02-11,data\ravdess\Actor_11\01-01-07-01-01-02-11.mp4,disgust,RAVDESS acted emotion,train,male
01-01-07-01-02-01-11,actor-11,01-01-07-01-02-01-11,data\ravdess\Actor_11\01-01-07-01-02-01-11.mp4,disgust,RAVDESS acted emotion,train,male
01-01-07-01-02-02-11,actor-11,01-01-07-01-02-02-11,data\ravdess\Actor_11\01-01-07-01-02-02-11.mp4,disgust,RAVDESS acted emotion,train,male
01-01-07-02-01-01-11,actor-11,01-01-07-02-01-01-11,data\ravdess\Actor_11\01-01-07-02-01-01-11.mp4,disgust,RAVDESS acted emotion,train,male
01-01-07-02-01-02-11,actor-11,01-01-07-02-01-02-11,data\ravdess\Actor_11\01-01-07-02-01-02-11.mp4,disgust,RAVDESS acted emotion,train,male
01-01-07-02-02-01-11,actor-11,01-01-07-02-02-01-11,data\ravdess\Actor_11\01-01-07-02-02-01-11.mp4,disgust,RAVDESS acted emotion,train,male
01-01-07-02-02-02-11,actor-11,01-01-07-02-02-02-11,data\ravdess\Actor_11\01-01-07-02-02-02-11.mp4,disgust,RAVDESS acted emotion,train,male
01-01-08-01-01-01-11,actor-11,01-01-08-01-01-01-11,data\ravdess\Actor_11\01-01-08-01-01-01-11.mp4,surprised,RAVDESS acted emotion,train,male
01-01-08-01-01-02-11,actor-11,01-01-08-01-01-02-11,data\ravdess\Actor_11\01-01-08-01-01-02-11.mp4,surprised,RAVDESS acted emotion,train,male
01-01-08-01-02-01-11,actor-11,01-01-08-01-02-01-11,data\ravdess\Actor_11\01-01-08-01-02-01-11.mp4,surprised,RAVDESS acted emotion,train,male
01-01-08-01-02-02-11,actor-11,01-01-08-01-02-02-11,data\ravdess\Actor_11\01-01-08-01-02-02-11.mp4,surprised,RAVDESS acted emotion,train,male
01-01-08-02-01-01-11,actor-11,01-01-08-02-01-01-11,data\ravdess\Actor_11\01-01-08-02-01-01-11.mp4,surprised,RAVDESS acted emotion,train,male
01-01-08-02-01-02-11,actor-11,01-01-08-02-01-02-11,data\ravdess\Actor_11\01-01-08-02-01-02-11.mp4,surprised,RAVDESS acted emotion,train,male
01-01-08-02-02-01-11,actor-11,01-01-08-02-02-01-11,data\ravdess\Actor_11\01-01-08-02-02-01-11.mp4,surprised,RAVDESS acted emotion,train,male
01-01-08-02-02-02-11,actor-11,01-01-08-02-02-02-11,data\ravdess\Actor_11\01-01-08-02-02-02-11.mp4,surprised,RAVDESS acted emotion,train,male
01-01-01-01-01-01-12,actor-12,01-01-01-01-01-01-12,data\ravdess\Actor_12\01-01-01-01-01-01-12.mp4,neutral,RAVDESS acted emotion,train,female
01-01-01-01-01-02-12,actor-12,01-01-01-01-01-02-12,data\ravdess\Actor_12\01-01-01-01-01-02-12.mp4,neutral,RAVDESS acted emotion,train,female
01-01-01-01-02-01-12,actor-12,01-01-01-01-02-01-12,data\ravdess\Actor_12\01-01-01-01-02-01-12.mp4,neutral,RAVDESS acted emotion,train,female
01-01-01-01-02-02-12,actor-12,01-01-01-01-02-02-12,data\ravdess\Actor_12\01-01-01-01-02-02-12.mp4,neutral,RAVDESS acted emotion,train,female
01-01-02-01-01-01-12,actor-12,01-01-02-01-01-01-12,data\ravdess\Actor_12\01-01-02-01-01-01-12.mp4,calm,RAVDESS acted emotion,train,female
01-01-02-01-01-02-12,actor-12,01-01-02-01-01-02-12,data\ravdess\Actor_12\01-01-02-01-01-02-12.mp4,calm,RAVDESS acted emotion,train,female
01-01-02-01-02-01-12,actor-12,01-01-02-01-02-01-12,data\ravdess\Actor_12\01-01-02-01-02-01-12.mp4,calm,RAVDESS acted emotion,train,female
01-01-02-01-02-02-12,actor-12,01-01-02-01-02-02-12,data\ravdess\Actor_12\01-01-02-01-02-02-12.mp4,calm,RAVDESS acted emotion,train,female
01-01-02-02-01-01-12,actor-12,01-01-02-02-01-01-12,data\ravdess\Actor_12\01-01-02-02-01-01-12.mp4,calm,RAVDESS acted emotion,train,female
01-01-02-02-01-02-12,actor-12,01-01-02-02-01-02-12,data\ravdess\Actor_12\01-01-02-02-01-02-12.mp4,calm,RAVDESS acted emotion,train,female
01-01-02-02-02-01-12,actor-12,01-01-02-02-02-01-12,data\ravdess\Actor_12\01-01-02-02-02-01-12.mp4,calm,RAVDESS acted emotion,train,female
01-01-02-02-02-02-12,actor-12,01-01-02-02-02-02-12,data\ravdess\Actor_12\01-01-02-02-02-02-12.mp4,calm,RAVDESS acted emotion,train,female
01-01-03-01-01-01-12,actor-12,01-01-03-01-01-01-12,data\ravdess\Actor_12\01-01-03-01-01-01-12.mp4,happy,RAVDESS acted emotion,train,female
01-01-03-01-01-02-12,actor-12,01-01-03-01-01-02-12,data\ravdess\Actor_12\01-01-03-01-01-02-12.mp4,happy,RAVDESS acted emotion,train,female
01-01-03-01-02-01-12,actor-12,01-01-03-01-02-01-12,data\ravdess\Actor_12\01-01-03-01-02-01-12.mp4,happy,RAVDESS acted emotion,train,female
01-01-03-01-02-02-12,actor-12,01-01-03-01-02-02-12,data\ravdess\Actor_12\01-01-03-01-02-02-12.mp4,happy,RAVDESS acted emotion,train,female
01-01-03-02-01-01-12,actor-12,01-01-03-02-01-01-12,data\ravdess\Actor_12\01-01-03-02-01-01-12.mp4,happy,RAVDESS acted emotion,train,female
01-01-03-02-01-02-12,actor-12,01-01-03-02-01-02-12,data\ravdess\Actor_12\01-01-03-02-01-02-12.mp4,happy,RAVDESS acted emotion,train,female
01-01-03-02-02-01-12,actor-12,01-01-03-02-02-01-12,data\ravdess\Actor_12\01-01-03-02-02-01-12.mp4,happy,RAVDESS acted emotion,train,female
01-01-03-02-02-02-12,actor-12,01-01-03-02-02-02-12,data\ravdess\Actor_12\01-01-03-02-02-02-12.mp4,happy,RAVDESS acted emotion,train,female
01-01-04-01-01-01-12,actor-12,01-01-04-01-01-01-12,data\ravdess\Actor_12\01-01-04-01-01-01-12.mp4,sad,RAVDESS acted emotion,train,female
01-01-04-01-01-02-12,actor-12,01-01-04-01-01-02-12,data\ravdess\Actor_12\01-01-04-01-01-02-12.mp4,sad,RAVDESS acted emotion,train,female
01-01-04-01-02-01-12,actor-12,01-01-04-01-02-01-12,data\ravdess\Actor_12\01-01-04-01-02-01-12.mp4,sad,RAVDESS acted emotion,train,female
01-01-04-01-02-02-12,actor-12,01-01-04-01-02-02-12,data\ravdess\Actor_12\01-01-04-01-02-02-12.mp4,sad,RAVDESS acted emotion,train,female
01-01-04-02-01-01-12,actor-12,01-01-04-02-01-01-12,data\ravdess\Actor_12\01-01-04-02-01-01-12.mp4,sad,RAVDESS acted emotion,train,female
01-01-04-02-01-02-12,actor-12,01-01-04-02-01-02-12,data\ravdess\Actor_12\01-01-04-02-01-02-12.mp4,sad,RAVDESS acted emotion,train,female
01-01-04-02-02-01-12,actor-12,01-01-04-02-02-01-12,data\ravdess\Actor_12\01-01-04-02-02-01-12.mp4,sad,RAVDESS acted emotion,train,female
01-01-04-02-02-02-12,actor-12,01-01-04-02-02-02-12,data\ravdess\Actor_12\01-01-04-02-02-02-12.mp4,sad,RAVDESS acted emotion,train,female
01-01-05-01-01-01-12,actor-12,01-01-05-01-01-01-12,data\ravdess\Actor_12\01-01-05-01-01-01-12.mp4,angry,RAVDESS acted emotion,train,female
01-01-05-01-01-02-12,actor-12,01-01-05-01-01-02-12,data\ravdess\Actor_12\01-01-05-01-01-02-12.mp4,angry,RAVDESS acted emotion,train,female
01-01-05-01-02-01-12,actor-12,01-01-05-01-02-01-12,data\ravdess\Actor_12\01-01-05-01-02-01-12.mp4,angry,RAVDESS acted emotion,train,female
01-01-05-01-02-02-12,actor-12,01-01-05-01-02-02-12,data\ravdess\Actor_12\01-01-05-01-02-02-12.mp4,angry,RAVDESS acted emotion,train,female
01-01-05-02-01-01-12,actor-12,01-01-05-02-01-01-12,data\ravdess\Actor_12\01-01-05-02-01-01-12.mp4,angry,RAVDESS acted emotion,train,female
01-01-05-02-01-02-12,actor-12,01-01-05-02-01-02-12,data\ravdess\Actor_12\01-01-05-02-01-02-12.mp4,angry,RAVDESS acted emotion,train,female
01-01-05-02-02-01-12,actor-12,01-01-05-02-02-01-12,data\ravdess\Actor_12\01-01-05-02-02-01-12.mp4,angry,RAVDESS acted emotion,train,female
01-01-05-02-02-02-12,actor-12,01-01-05-02-02-02-12,data\ravdess\Actor_12\01-01-05-02-02-02-12.mp4,angry,RAVDESS acted emotion,train,female
01-01-06-01-01-01-12,actor-12,01-01-06-01-01-01-12,data\ravdess\Actor_12\01-01-06-01-01-01-12.mp4,fearful,RAVDESS acted emotion,train,female
01-01-06-01-01-02-12,actor-12,01-01-06-01-01-02-12,data\ravdess\Actor_12\01-01-06-01-01-02-12.mp4,fearful,RAVDESS acted emotion,train,female
01-01-06-01-02-01-12,actor-12,01-01-06-01-02-01-12,data\ravdess\Actor_12\01-01-06-01-02-01-12.mp4,fearful,RAVDESS acted emotion,train,female
01-01-06-01-02-02-12,actor-12,01-01-06-01-02-02-12,data\ravdess\Actor_12\01-01-06-01-02-02-12.mp4,fearful,RAVDESS acted emotion,train,female
01-01-06-02-01-01-12,actor-12,01-01-06-02-01-01-12,data\ravdess\Actor_12\01-01-06-02-01-01-12.mp4,fearful,RAVDESS acted emotion,train,female
01-01-06-02-01-02-12,actor-12,01-01-06-02-01-02-12,data\ravdess\Actor_12\01-01-06-02-01-02-12.mp4,fearful,RAVDESS acted emotion,train,female
01-01-06-02-02-01-12,actor-12,01-01-06-02-02-01-12,data\ravdess\Actor_12\01-01-06-02-02-01-12.mp4,fearful,RAVDESS acted emotion,train,female
01-01-06-02-02-02-12,actor-12,01-01-06-02-02-02-12,data\ravdess\Actor_12\01-01-06-02-02-02-12.mp4,fearful,RAVDESS acted emotion,train,female
01-01-07-01-01-01-12,actor-12,01-01-07-01-01-01-12,data\ravdess\Actor_12\01-01-07-01-01-01-12.mp4,disgust,RAVDESS acted emotion,train,female
01-01-07-01-01-02-12,actor-12,01-01-07-01-01-02-12,data\ravdess\Actor_12\01-01-07-01-01-02-12.mp4,disgust,RAVDESS acted emotion,train,female
01-01-07-01-02-01-12,actor-12,01-01-07-01-02-01-12,data\ravdess\Actor_12\01-01-07-01-02-01-12.mp4,disgust,RAVDESS acted emotion,train,female
01-01-07-01-02-02-12,actor-12,01-01-07-01-02-02-12,data\ravdess\Actor_12\01-01-07-01-02-02-12.mp4,disgust,RAVDESS acted emotion,train,female
01-01-07-02-01-01-12,actor-12,01-01-07-02-01-01-12,data\ravdess\Actor_12\01-01-07-02-01-01-12.mp4,disgust,RAVDESS acted emotion,train,female
01-01-07-02-01-02-12,actor-12,01-01-07-02-01-02-12,data\ravdess\Actor_12\01-01-07-02-01-02-12.mp4,disgust,RAVDESS acted emotion,train,female
01-01-07-02-02-01-12,actor-12,01-01-07-02-02-01-12,data\ravdess\Actor_12\01-01-07-02-02-01-12.mp4,disgust,RAVDESS acted emotion,train,female
01-01-07-02-02-02-12,actor-12,01-01-07-02-02-02-12,data\ravdess\Actor_12\01-01-07-02-02-02-12.mp4,disgust,RAVDESS acted emotion,train,female
01-01-08-01-01-01-12,actor-12,01-01-08-01-01-01-12,data\ravdess\Actor_12\01-01-08-01-01-01-12.mp4,surprised,RAVDESS acted emotion,train,female
01-01-08-01-01-02-12,actor-12,01-01-08-01-01-02-12,data\ravdess\Actor_12\01-01-08-01-01-02-12.mp4,surprised,RAVDESS acted emotion,train,female
01-01-08-01-02-01-12,actor-12,01-01-08-01-02-01-12,data\ravdess\Actor_12\01-01-08-01-02-01-12.mp4,surprised,RAVDESS acted emotion,train,female
01-01-08-01-02-02-12,actor-12,01-01-08-01-02-02-12,data\ravdess\Actor_12\01-01-08-01-02-02-12.mp4,surprised,RAVDESS acted emotion,train,female
01-01-08-02-01-01-12,actor-12,01-01-08-02-01-01-12,data\ravdess\Actor_12\01-01-08-02-01-01-12.mp4,surprised,RAVDESS acted emotion,train,female
01-01-08-02-01-02-12,actor-12,01-01-08-02-01-02-12,data\ravdess\Actor_12\01-01-08-02-01-02-12.mp4,surprised,RAVDESS acted emotion,train,female
01-01-08-02-02-01-12,actor-12,01-01-08-02-02-01-12,data\ravdess\Actor_12\01-01-08-02-02-01-12.mp4,surprised,RAVDESS acted emotion,train,female
01-01-08-02-02-02-12,actor-12,01-01-08-02-02-02-12,data\ravdess\Actor_12\01-01-08-02-02-02-12.mp4,surprised,RAVDESS acted emotion,train,female
01-01-01-01-01-01-13,actor-13,01-01-01-01-01-01-13,data\ravdess\Actor_13\01-01-01-01-01-01-13.mp4,neutral,RAVDESS acted emotion,train,male
01-01-01-01-01-02-13,actor-13,01-01-01-01-01-02-13,data\ravdess\Actor_13\01-01-01-01-01-02-13.mp4,neutral,RAVDESS acted emotion,train,male
01-01-01-01-02-01-13,actor-13,01-01-01-01-02-01-13,data\ravdess\Actor_13\01-01-01-01-02-01-13.mp4,neutral,RAVDESS acted emotion,train,male
01-01-01-01-02-02-13,actor-13,01-01-01-01-02-02-13,data\ravdess\Actor_13\01-01-01-01-02-02-13.mp4,neutral,RAVDESS acted emotion,train,male
01-01-02-01-01-01-13,actor-13,01-01-02-01-01-01-13,data\ravdess\Actor_13\01-01-02-01-01-01-13.mp4,calm,RAVDESS acted emotion,train,male
01-01-02-01-01-02-13,actor-13,01-01-02-01-01-02-13,data\ravdess\Actor_13\01-01-02-01-01-02-13.mp4,calm,RAVDESS acted emotion,train,male
01-01-02-01-02-01-13,actor-13,01-01-02-01-02-01-13,data\ravdess\Actor_13\01-01-02-01-02-01-13.mp4,calm,RAVDESS acted emotion,train,male
01-01-02-01-02-02-13,actor-13,01-01-02-01-02-02-13,data\ravdess\Actor_13\01-01-02-01-02-02-13.mp4,calm,RAVDESS acted emotion,train,male
01-01-02-02-01-01-13,actor-13,01-01-02-02-01-01-13,data\ravdess\Actor_13\01-01-02-02-01-01-13.mp4,calm,RAVDESS acted emotion,train,male
01-01-02-02-01-02-13,actor-13,01-01-02-02-01-02-13,data\ravdess\Actor_13\01-01-02-02-01-02-13.mp4,calm,RAVDESS acted emotion,train,male
01-01-02-02-02-01-13,actor-13,01-01-02-02-02-01-13,data\ravdess\Actor_13\01-01-02-02-02-01-13.mp4,calm,RAVDESS acted emotion,train,male
01-01-02-02-02-02-13,actor-13,01-01-02-02-02-02-13,data\ravdess\Actor_13\01-01-02-02-02-02-13.mp4,calm,RAVDESS acted emotion,train,male
01-01-03-01-01-01-13,actor-13,01-01-03-01-01-01-13,data\ravdess\Actor_13\01-01-03-01-01-01-13.mp4,happy,RAVDESS acted emotion,train,male
01-01-03-01-01-02-13,actor-13,01-01-03-01-01-02-13,data\ravdess\Actor_13\01-01-03-01-01-02-13.mp4,happy,RAVDESS acted emotion,train,male
01-01-03-01-02-01-13,actor-13,01-01-03-01-02-01-13,data\ravdess\Actor_13\01-01-03-01-02-01-13.mp4,happy,RAVDESS acted emotion,train,male
01-01-03-01-02-02-13,actor-13,01-01-03-01-02-02-13,data\ravdess\Actor_13\01-01-03-01-02-02-13.mp4,happy,RAVDESS acted emotion,train,male
01-01-03-02-01-01-13,actor-13,01-01-03-02-01-01-13,data\ravdess\Actor_13\01-01-03-02-01-01-13.mp4,happy,RAVDESS acted emotion,train,male
01-01-03-02-01-02-13,actor-13,01-01-03-02-01-02-13,data\ravdess\Actor_13\01-01-03-02-01-02-13.mp4,happy,RAVDESS acted emotion,train,male
01-01-03-02-02-01-13,actor-13,01-01-03-02-02-01-13,data\ravdess\Actor_13\01-01-03-02-02-01-13.mp4,happy,RAVDESS acted emotion,train,male
01-01-03-02-02-02-13,actor-13,01-01-03-02-02-02-13,data\ravdess\Actor_13\01-01-03-02-02-02-13.mp4,happy,RAVDESS acted emotion,train,male
01-01-04-01-01-01-13,actor-13,01-01-04-01-01-01-13,data\ravdess\Actor_13\01-01-04-01-01-01-13.mp4,sad,RAVDESS acted emotion,train,male
01-01-04-01-01-02-13,actor-13,01-01-04-01-01-02-13,data\ravdess\Actor_13\01-01-04-01-01-02-13.mp4,sad,RAVDESS acted emotion,train,male
01-01-04-01-02-01-13,actor-13,01-01-04-01-02-01-13,data\ravdess\Actor_13\01-01-04-01-02-01-13.mp4,sad,RAVDESS acted emotion,train,male
01-01-04-01-02-02-13,actor-13,01-01-04-01-02-02-13,data\ravdess\Actor_13\01-01-04-01-02-02-13.mp4,sad,RAVDESS acted emotion,train,male
01-01-04-02-01-01-13,actor-13,01-01-04-02-01-01-13,data\ravdess\Actor_13\01-01-04-02-01-01-13.mp4,sad,RAVDESS acted emotion,train,male
01-01-04-02-01-02-13,actor-13,01-01-04-02-01-02-13,data\ravdess\Actor_13\01-01-04-02-01-02-13.mp4,sad,RAVDESS acted emotion,train,male
01-01-04-02-02-01-13,actor-13,01-01-04-02-02-01-13,data\ravdess\Actor_13\01-01-04-02-02-01-13.mp4,sad,RAVDESS acted emotion,train,male
01-01-04-02-02-02-13,actor-13,01-01-04-02-02-02-13,data\ravdess\Actor_13\01-01-04-02-02-02-13.mp4,sad,RAVDESS acted emotion,train,male
01-01-05-01-01-01-13,actor-13,01-01-05-01-01-01-13,data\ravdess\Actor_13\01-01-05-01-01-01-13.mp4,angry,RAVDESS acted emotion,train,male
01-01-05-01-01-02-13,actor-13,01-01-05-01-01-02-13,data\ravdess\Actor_13\01-01-05-01-01-02-13.mp4,angry,RAVDESS acted emotion,train,male
01-01-05-01-02-01-13,actor-13,01-01-05-01-02-01-13,data\ravdess\Actor_13\01-01-05-01-02-01-13.mp4,angry,RAVDESS acted emotion,train,male
01-01-05-01-02-02-13,actor-13,01-01-05-01-02-02-13,data\ravdess\Actor_13\01-01-05-01-02-02-13.mp4,angry,RAVDESS acted emotion,train,male
01-01-05-02-01-01-13,actor-13,01-01-05-02-01-01-13,data\ravdess\Actor_13\01-01-05-02-01-01-13.mp4,angry,RAVDESS acted emotion,train,male
01-01-05-02-01-02-13,actor-13,01-01-05-02-01-02-13,data\ravdess\Actor_13\01-01-05-02-01-02-13.mp4,angry,RAVDESS acted emotion,train,male
01-01-05-02-02-01-13,actor-13,01-01-05-02-02-01-13,data\ravdess\Actor_13\01-01-05-02-02-01-13.mp4,angry,RAVDESS acted emotion,train,male
01-01-05-02-02-02-13,actor-13,01-01-05-02-02-02-13,data\ravdess\Actor_13\01-01-05-02-02-02-13.mp4,angry,RAVDESS acted emotion,train,male
01-01-06-01-01-01-13,actor-13,01-01-06-01-01-01-13,data\ravdess\Actor_13\01-01-06-01-01-01-13.mp4,fearful,RAVDESS acted emotion,train,male
01-01-06-01-01-02-13,actor-13,01-01-06-01-01-02-13,data\ravdess\Actor_13\01-01-06-01-01-02-13.mp4,fearful,RAVDESS acted emotion,train,male
01-01-06-01-02-01-13,actor-13,01-01-06-01-02-01-13,data\ravdess\Actor_13\01-01-06-01-02-01-13.mp4,fearful,RAVDESS acted emotion,train,male
01-01-06-01-02-02-13,actor-13,01-01-06-01-02-02-13,data\ravdess\Actor_13\01-01-06-01-02-02-13.mp4,fearful,RAVDESS acted emotion,train,male
01-01-06-02-01-01-13,actor-13,01-01-06-02-01-01-13,data\ravdess\Actor_13\01-01-06-02-01-01-13.mp4,fearful,RAVDESS acted emotion,train,male
01-01-06-02-01-02-13,actor-13,01-01-06-02-01-02-13,data\ravdess\Actor_13\01-01-06-02-01-02-13.mp4,fearful,RAVDESS acted emotion,train,male
01-01-06-02-02-01-13,actor-13,01-01-06-02-02-01-13,data\ravdess\Actor_13\01-01-06-02-02-01-13.mp4,fearful,RAVDESS acted emotion,train,male
01-01-06-02-02-02-13,actor-13,01-01-06-02-02-02-13,data\ravdess\Actor_13\01-01-06-02-02-02-13.mp4,fearful,RAVDESS acted emotion,train,male
01-01-07-01-01-01-13,actor-13,01-01-07-01-01-01-13,data\ravdess\Actor_13\01-01-07-01-01-01-13.mp4,disgust,RAVDESS acted emotion,train,male
01-01-07-01-01-02-13,actor-13,01-01-07-01-01-02-13,data\ravdess\Actor_13\01-01-07-01-01-02-13.mp4,disgust,RAVDESS acted emotion,train,male
01-01-07-01-02-01-13,actor-13,01-01-07-01-02-01-13,data\ravdess\Actor_13\01-01-07-01-02-01-13.mp4,disgust,RAVDESS acted emotion,train,male
01-01-07-01-02-02-13,actor-13,01-01-07-01-02-02-13,data\ravdess\Actor_13\01-01-07-01-02-02-13.mp4,disgust,RAVDESS acted emotion,train,male
01-01-07-02-01-01-13,actor-13,01-01-07-02-01-01-13,data\ravdess\Actor_13\01-01-07-02-01-01-13.mp4,disgust,RAVDESS acted emotion,train,male
01-01-07-02-01-02-13,actor-13,01-01-07-02-01-02-13,data\ravdess\Actor_13\01-01-07-02-01-02-13.mp4,disgust,RAVDESS acted emotion,train,male
01-01-07-02-02-01-13,actor-13,01-01-07-02-02-01-13,data\ravdess\Actor_13\01-01-07-02-02-01-13.mp4,disgust,RAVDESS acted emotion,train,male
01-01-07-02-02-02-13,actor-13,01-01-07-02-02-02-13,data\ravdess\Actor_13\01-01-07-02-02-02-13.mp4,disgust,RAVDESS acted emotion,train,male
01-01-08-01-01-01-13,actor-13,01-01-08-01-01-01-13,data\ravdess\Actor_13\01-01-08-01-01-01-13.mp4,surprised,RAVDESS acted emotion,train,male
01-01-08-01-01-02-13,actor-13,01-01-08-01-01-02-13,data\ravdess\Actor_13\01-01-08-01-01-02-13.mp4,surprised,RAVDESS acted emotion,train,male
01-01-08-01-02-01-13,actor-13,01-01-08-01-02-01-13,data\ravdess\Actor_13\01-01-08-01-02-01-13.mp4,surprised,RAVDESS acted emotion,train,male
01-01-08-01-02-02-13,actor-13,01-01-08-01-02-02-13,data\ravdess\Actor_13\01-01-08-01-02-02-13.mp4,surprised,RAVDESS acted emotion,train,male
01-01-08-02-01-01-13,actor-13,01-01-08-02-01-01-13,data\ravdess\Actor_13\01-01-08-02-01-01-13.mp4,surprised,RAVDESS acted emotion,train,male
01-01-08-02-01-02-13,actor-13,01-01-08-02-01-02-13,data\ravdess\Actor_13\01-01-08-02-01-02-13.mp4,surprised,RAVDESS acted emotion,train,male
01-01-08-02-02-01-13,actor-13,01-01-08-02-02-01-13,data\ravdess\Actor_13\01-01-08-02-02-01-13.mp4,surprised,RAVDESS acted emotion,train,male
01-01-08-02-02-02-13,actor-13,01-01-08-02-02-02-13,data\ravdess\Actor_13\01-01-08-02-02-02-13.mp4,surprised,RAVDESS acted emotion,train,male
01-01-01-01-01-01-14,actor-14,01-01-01-01-01-01-14,data\ravdess\Actor_14\01-01-01-01-01-01-14.mp4,neutral,RAVDESS acted emotion,train,female
01-01-01-01-01-02-14,actor-14,01-01-01-01-01-02-14,data\ravdess\Actor_14\01-01-01-01-01-02-14.mp4,neutral,RAVDESS acted emotion,train,female
01-01-01-01-02-01-14,actor-14,01-01-01-01-02-01-14,data\ravdess\Actor_14\01-01-01-01-02-01-14.mp4,neutral,RAVDESS acted emotion,train,female
01-01-01-01-02-02-14,actor-14,01-01-01-01-02-02-14,data\ravdess\Actor_14\01-01-01-01-02-02-14.mp4,neutral,RAVDESS acted emotion,train,female
01-01-02-01-01-01-14,actor-14,01-01-02-01-01-01-14,data\ravdess\Actor_14\01-01-02-01-01-01-14.mp4,calm,RAVDESS acted emotion,train,female
01-01-02-01-01-02-14,actor-14,01-01-02-01-01-02-14,data\ravdess\Actor_14\01-01-02-01-01-02-14.mp4,calm,RAVDESS acted emotion,train,female
01-01-02-01-02-01-14,actor-14,01-01-02-01-02-01-14,data\ravdess\Actor_14\01-01-02-01-02-01-14.mp4,calm,RAVDESS acted emotion,train,female
01-01-02-01-02-02-14,actor-14,01-01-02-01-02-02-14,data\ravdess\Actor_14\01-01-02-01-02-02-14.mp4,calm,RAVDESS acted emotion,train,female
01-01-02-02-01-01-14,actor-14,01-01-02-02-01-01-14,data\ravdess\Actor_14\01-01-02-02-01-01-14.mp4,calm,RAVDESS acted emotion,train,female
01-01-02-02-01-02-14,actor-14,01-01-02-02-01-02-14,data\ravdess\Actor_14\01-01-02-02-01-02-14.mp4,calm,RAVDESS acted emotion,train,female
01-01-02-02-02-01-14,actor-14,01-01-02-02-02-01-14,data\ravdess\Actor_14\01-01-02-02-02-01-14.mp4,calm,RAVDESS acted emotion,train,female
01-01-02-02-02-02-14,actor-14,01-01-02-02-02-02-14,data\ravdess\Actor_14\01-01-02-02-02-02-14.mp4,calm,RAVDESS acted emotion,train,female
01-01-03-01-01-01-14,actor-14,01-01-03-01-01-01-14,data\ravdess\Actor_14\01-01-03-01-01-01-14.mp4,happy,RAVDESS acted emotion,train,female
01-01-03-01-01-02-14,actor-14,01-01-03-01-01-02-14,data\ravdess\Actor_14\01-01-03-01-01-02-14.mp4,happy,RAVDESS acted emotion,train,female
01-01-03-01-02-01-14,actor-14,01-01-03-01-02-01-14,data\ravdess\Actor_14\01-01-03-01-02-01-14.mp4,happy,RAVDESS acted emotion,train,female
01-01-03-01-02-02-14,actor-14,01-01-03-01-02-02-14,data\ravdess\Actor_14\01-01-03-01-02-02-14.mp4,happy,RAVDESS acted emotion,train,female
01-01-03-02-01-01-14,actor-14,01-01-03-02-01-01-14,data\ravdess\Actor_14\01-01-03-02-01-01-14.mp4,happy,RAVDESS acted emotion,train,female
01-01-03-02-01-02-14,actor-14,01-01-03-02-01-02-14,data\ravdess\Actor_14\01-01-03-02-01-02-14.mp4,happy,RAVDESS acted emotion,train,female
01-01-03-02-02-01-14,actor-14,01-01-03-02-02-01-14,data\ravdess\Actor_14\01-01-03-02-02-01-14.mp4,happy,RAVDESS acted emotion,train,female
01-01-03-02-02-02-14,actor-14,01-01-03-02-02-02-14,data\ravdess\Actor_14\01-01-03-02-02-02-14.mp4,happy,RAVDESS acted emotion,train,female
01-01-04-01-01-01-14,actor-14,01-01-04-01-01-01-14,data\ravdess\Actor_14\01-01-04-01-01-01-14.mp4,sad,RAVDESS acted emotion,train,female
01-01-04-01-01-02-14,actor-14,01-01-04-01-01-02-14,data\ravdess\Actor_14\01-01-04-01-01-02-14.mp4,sad,RAVDESS acted emotion,train,female
01-01-04-01-02-01-14,actor-14,01-01-04-01-02-01-14,data\ravdess\Actor_14\01-01-04-01-02-01-14.mp4,sad,RAVDESS acted emotion,train,female
01-01-04-01-02-02-14,actor-14,01-01-04-01-02-02-14,data\ravdess\Actor_14\01-01-04-01-02-02-14.mp4,sad,RAVDESS acted emotion,train,female
01-01-04-02-01-01-14,actor-14,01-01-04-02-01-01-14,data\ravdess\Actor_14\01-01-04-02-01-01-14.mp4,sad,RAVDESS acted emotion,train,female
01-01-04-02-01-02-14,actor-14,01-01-04-02-01-02-14,data\ravdess\Actor_14\01-01-04-02-01-02-14.mp4,sad,RAVDESS acted emotion,train,female
01-01-04-02-02-01-14,actor-14,01-01-04-02-02-01-14,data\ravdess\Actor_14\01-01-04-02-02-01-14.mp4,sad,RAVDESS acted emotion,train,female
01-01-04-02-02-02-14,actor-14,01-01-04-02-02-02-14,data\ravdess\Actor_14\01-01-04-02-02-02-14.mp4,sad,RAVDESS acted emotion,train,female
01-01-05-01-01-01-14,actor-14,01-01-05-01-01-01-14,data\ravdess\Actor_14\01-01-05-01-01-01-14.mp4,angry,RAVDESS acted emotion,train,female
01-01-05-01-01-02-14,actor-14,01-01-05-01-01-02-14,data\ravdess\Actor_14\01-01-05-01-01-02-14.mp4,angry,RAVDESS acted emotion,train,female
01-01-05-01-02-01-14,actor-14,01-01-05-01-02-01-14,data\ravdess\Actor_14\01-01-05-01-02-01-14.mp4,angry,RAVDESS acted emotion,train,female
01-01-05-01-02-02-14,actor-14,01-01-05-01-02-02-14,data\ravdess\Actor_14\01-01-05-01-02-02-14.mp4,angry,RAVDESS acted emotion,train,female
01-01-05-02-01-01-14,actor-14,01-01-05-02-01-01-14,data\ravdess\Actor_14\01-01-05-02-01-01-14.mp4,angry,RAVDESS acted emotion,train,female
01-01-05-02-01-02-14,actor-14,01-01-05-02-01-02-14,data\ravdess\Actor_14\01-01-05-02-01-02-14.mp4,angry,RAVDESS acted emotion,train,female
01-01-05-02-02-01-14,actor-14,01-01-05-02-02-01-14,data\ravdess\Actor_14\01-01-05-02-02-01-14.mp4,angry,RAVDESS acted emotion,train,female
01-01-05-02-02-02-14,actor-14,01-01-05-02-02-02-14,data\ravdess\Actor_14\01-01-05-02-02-02-14.mp4,angry,RAVDESS acted emotion,train,female
01-01-06-01-01-01-14,actor-14,01-01-06-01-01-01-14,data\ravdess\Actor_14\01-01-06-01-01-01-14.mp4,fearful,RAVDESS acted emotion,train,female
01-01-06-01-01-02-14,actor-14,01-01-06-01-01-02-14,data\ravdess\Actor_14\01-01-06-01-01-02-14.mp4,fearful,RAVDESS acted emotion,train,female
01-01-06-01-02-01-14,actor-14,01-01-06-01-02-01-14,data\ravdess\Actor_14\01-01-06-01-02-01-14.mp4,fearful,RAVDESS acted emotion,train,female
01-01-06-01-02-02-14,actor-14,01-01-06-01-02-02-14,data\ravdess\Actor_14\01-01-06-01-02-02-14.mp4,fearful,RAVDESS acted emotion,train,female
01-01-06-02-01-01-14,actor-14,01-01-06-02-01-01-14,data\ravdess\Actor_14\01-01-06-02-01-01-14.mp4,fearful,RAVDESS acted emotion,train,female
01-01-06-02-01-02-14,actor-14,01-01-06-02-01-02-14,data\ravdess\Actor_14\01-01-06-02-01-02-14.mp4,fearful,RAVDESS acted emotion,train,female
01-01-06-02-02-01-14,actor-14,01-01-06-02-02-01-14,data\ravdess\Actor_14\01-01-06-02-02-01-14.mp4,fearful,RAVDESS acted emotion,train,female
01-01-06-02-02-02-14,actor-14,01-01-06-02-02-02-14,data\ravdess\Actor_14\01-01-06-02-02-02-14.mp4,fearful,RAVDESS acted emotion,train,female
01-01-07-01-01-01-14,actor-14,01-01-07-01-01-01-14,data\ravdess\Actor_14\01-01-07-01-01-01-14.mp4,disgust,RAVDESS acted emotion,train,female
01-01-07-01-01-02-14,actor-14,01-01-07-01-01-02-14,data\ravdess\Actor_14\01-01-07-01-01-02-14.mp4,disgust,RAVDESS acted emotion,train,female
01-01-07-01-02-01-14,actor-14,01-01-07-01-02-01-14,data\ravdess\Actor_14\01-01-07-01-02-01-14.mp4,disgust,RAVDESS acted emotion,train,female
01-01-07-01-02-02-14,actor-14,01-01-07-01-02-02-14,data\ravdess\Actor_14\01-01-07-01-02-02-14.mp4,disgust,RAVDESS acted emotion,train,female
01-01-07-02-01-01-14,actor-14,01-01-07-02-01-01-14,data\ravdess\Actor_14\01-01-07-02-01-01-14.mp4,disgust,RAVDESS acted emotion,train,female
01-01-07-02-01-02-14,actor-14,01-01-07-02-01-02-14,data\ravdess\Actor_14\01-01-07-02-01-02-14.mp4,disgust,RAVDESS acted emotion,train,female
01-01-07-02-02-01-14,actor-14,01-01-07-02-02-01-14,data\ravdess\Actor_14\01-01-07-02-02-01-14.mp4,disgust,RAVDESS acted emotion,train,female
01-01-07-02-02-02-14,actor-14,01-01-07-02-02-02-14,data\ravdess\Actor_14\01-01-07-02-02-02-14.mp4,disgust,RAVDESS acted emotion,train,female
01-01-08-01-01-01-14,actor-14,01-01-08-01-01-01-14,data\ravdess\Actor_14\01-01-08-01-01-01-14.mp4,surprised,RAVDESS acted emotion,train,female
01-01-08-01-01-02-14,actor-14,01-01-08-01-01-02-14,data\ravdess\Actor_14\01-01-08-01-01-02-14.mp4,surprised,RAVDESS acted emotion,train,female
01-01-08-01-02-01-14,actor-14,01-01-08-01-02-01-14,data\ravdess\Actor_14\01-01-08-01-02-01-14.mp4,surprised,RAVDESS acted emotion,train,female
01-01-08-01-02-02-14,actor-14,01-01-08-01-02-02-14,data\ravdess\Actor_14\01-01-08-01-02-02-14.mp4,surprised,RAVDESS acted emotion,train,female
01-01-08-02-01-01-14,actor-14,01-01-08-02-01-01-14,data\ravdess\Actor_14\01-01-08-02-01-01-14.mp4,surprised,RAVDESS acted emotion,train,female
01-01-08-02-01-02-14,actor-14,01-01-08-02-01-02-14,data\ravdess\Actor_14\01-01-08-02-01-02-14.mp4,surprised,RAVDESS acted emotion,train,female
01-01-08-02-02-01-14,actor-14,01-01-08-02-02-01-14,data\ravdess\Actor_14\01-01-08-02-02-01-14.mp4,surprised,RAVDESS acted emotion,train,female
01-01-08-02-02-02-14,actor-14,01-01-08-02-02-02-14,data\ravdess\Actor_14\01-01-08-02-02-02-14.mp4,surprised,RAVDESS acted emotion,train,female
01-01-01-01-01-01-15,actor-15,01-01-01-01-01-01-15,data\ravdess\Actor_15\01-01-01-01-01-01-15.mp4,neutral,RAVDESS acted emotion,train,male
01-01-01-01-01-02-15,actor-15,01-01-01-01-01-02-15,data\ravdess\Actor_15\01-01-01-01-01-02-15.mp4,neutral,RAVDESS acted emotion,train,male
01-01-01-01-02-01-15,actor-15,01-01-01-01-02-01-15,data\ravdess\Actor_15\01-01-01-01-02-01-15.mp4,neutral,RAVDESS acted emotion,train,male
01-01-01-01-02-02-15,actor-15,01-01-01-01-02-02-15,data\ravdess\Actor_15\01-01-01-01-02-02-15.mp4,neutral,RAVDESS acted emotion,train,male
01-01-02-01-01-01-15,actor-15,01-01-02-01-01-01-15,data\ravdess\Actor_15\01-01-02-01-01-01-15.mp4,calm,RAVDESS acted emotion,train,male
01-01-02-01-01-02-15,actor-15,01-01-02-01-01-02-15,data\ravdess\Actor_15\01-01-02-01-01-02-15.mp4,calm,RAVDESS acted emotion,train,male
01-01-02-01-02-01-15,actor-15,01-01-02-01-02-01-15,data\ravdess\Actor_15\01-01-02-01-02-01-15.mp4,calm,RAVDESS acted emotion,train,male
01-01-02-01-02-02-15,actor-15,01-01-02-01-02-02-15,data\ravdess\Actor_15\01-01-02-01-02-02-15.mp4,calm,RAVDESS acted emotion,train,male
01-01-02-02-01-01-15,actor-15,01-01-02-02-01-01-15,data\ravdess\Actor_15\01-01-02-02-01-01-15.mp4,calm,RAVDESS acted emotion,train,male
01-01-02-02-01-02-15,actor-15,01-01-02-02-01-02-15,data\ravdess\Actor_15\01-01-02-02-01-02-15.mp4,calm,RAVDESS acted emotion,train,male
01-01-02-02-02-01-15,actor-15,01-01-02-02-02-01-15,data\ravdess\Actor_15\01-01-02-02-02-01-15.mp4,calm,RAVDESS acted emotion,train,male
01-01-02-02-02-02-15,actor-15,01-01-02-02-02-02-15,data\ravdess\Actor_15\01-01-02-02-02-02-15.mp4,calm,RAVDESS acted emotion,train,male
01-01-03-01-01-01-15,actor-15,01-01-03-01-01-01-15,data\ravdess\Actor_15\01-01-03-01-01-01-15.mp4,happy,RAVDESS acted emotion,train,male
01-01-03-01-01-02-15,actor-15,01-01-03-01-01-02-15,data\ravdess\Actor_15\01-01-03-01-01-02-15.mp4,happy,RAVDESS acted emotion,train,male
01-01-03-01-02-01-15,actor-15,01-01-03-01-02-01-15,data\ravdess\Actor_15\01-01-03-01-02-01-15.mp4,happy,RAVDESS acted emotion,train,male
01-01-03-01-02-02-15,actor-15,01-01-03-01-02-02-15,data\ravdess\Actor_15\01-01-03-01-02-02-15.mp4,happy,RAVDESS acted emotion,train,male
01-01-03-02-01-01-15,actor-15,01-01-03-02-01-01-15,data\ravdess\Actor_15\01-01-03-02-01-01-15.mp4,happy,RAVDESS acted emotion,train,male
01-01-03-02-01-02-15,actor-15,01-01-03-02-01-02-15,data\ravdess\Actor_15\01-01-03-02-01-02-15.mp4,happy,RAVDESS acted emotion,train,male
01-01-03-02-02-01-15,actor-15,01-01-03-02-02-01-15,data\ravdess\Actor_15\01-01-03-02-02-01-15.mp4,happy,RAVDESS acted emotion,train,male
01-01-03-02-02-02-15,actor-15,01-01-03-02-02-02-15,data\ravdess\Actor_15\01-01-03-02-02-02-15.mp4,happy,RAVDESS acted emotion,train,male
01-01-04-01-01-01-15,actor-15,01-01-04-01-01-01-15,data\ravdess\Actor_15\01-01-04-01-01-01-15.mp4,sad,RAVDESS acted emotion,train,male
01-01-04-01-01-02-15,actor-15,01-01-04-01-01-02-15,data\ravdess\Actor_15\01-01-04-01-01-02-15.mp4,sad,RAVDESS acted emotion,train,male
01-01-04-01-02-01-15,actor-15,01-01-04-01-02-01-15,data\ravdess\Actor_15\01-01-04-01-02-01-15.mp4,sad,RAVDESS acted emotion,train,male
01-01-04-01-02-02-15,actor-15,01-01-04-01-02-02-15,data\ravdess\Actor_15\01-01-04-01-02-02-15.mp4,sad,RAVDESS acted emotion,train,male
01-01-04-02-01-01-15,actor-15,01-01-04-02-01-01-15,data\ravdess\Actor_15\01-01-04-02-01-01-15.mp4,sad,RAVDESS acted emotion,train,male
01-01-04-02-01-02-15,actor-15,01-01-04-02-01-02-15,data\ravdess\Actor_15\01-01-04-02-01-02-15.mp4,sad,RAVDESS acted emotion,train,male
01-01-04-02-02-01-15,actor-15,01-01-04-02-02-01-15,data\ravdess\Actor_15\01-01-04-02-02-01-15.mp4,sad,RAVDESS acted emotion,train,male
01-01-04-02-02-02-15,actor-15,01-01-04-02-02-02-15,data\ravdess\Actor_15\01-01-04-02-02-02-15.mp4,sad,RAVDESS acted emotion,train,male
01-01-05-01-01-01-15,actor-15,01-01-05-01-01-01-15,data\ravdess\Actor_15\01-01-05-01-01-01-15.mp4,angry,RAVDESS acted emotion,train,male
01-01-05-01-01-02-15,actor-15,01-01-05-01-01-02-15,data\ravdess\Actor_15\01-01-05-01-01-02-15.mp4,angry,RAVDESS acted emotion,train,male
01-01-05-01-02-01-15,actor-15,01-01-05-01-02-01-15,data\ravdess\Actor_15\01-01-05-01-02-01-15.mp4,angry,RAVDESS acted emotion,train,male
01-01-05-01-02-02-15,actor-15,01-01-05-01-02-02-15,data\ravdess\Actor_15\01-01-05-01-02-02-15.mp4,angry,RAVDESS acted emotion,train,male
01-01-05-02-01-01-15,actor-15,01-01-05-02-01-01-15,data\ravdess\Actor_15\01-01-05-02-01-01-15.mp4,angry,RAVDESS acted emotion,train,male
01-01-05-02-01-02-15,actor-15,01-01-05-02-01-02-15,data\ravdess\Actor_15\01-01-05-02-01-02-15.mp4,angry,RAVDESS acted emotion,train,male
01-01-05-02-02-01-15,actor-15,01-01-05-02-02-01-15,data\ravdess\Actor_15\01-01-05-02-02-01-15.mp4,angry,RAVDESS acted emotion,train,male
01-01-05-02-02-02-15,actor-15,01-01-05-02-02-02-15,data\ravdess\Actor_15\01-01-05-02-02-02-15.mp4,angry,RAVDESS acted emotion,train,male
01-01-06-01-01-01-15,actor-15,01-01-06-01-01-01-15,data\ravdess\Actor_15\01-01-06-01-01-01-15.mp4,fearful,RAVDESS acted emotion,train,male
01-01-06-01-01-02-15,actor-15,01-01-06-01-01-02-15,data\ravdess\Actor_15\01-01-06-01-01-02-15.mp4,fearful,RAVDESS acted emotion,train,male
01-01-06-01-02-01-15,actor-15,01-01-06-01-02-01-15,data\ravdess\Actor_15\01-01-06-01-02-01-15.mp4,fearful,RAVDESS acted emotion,train,male
01-01-06-01-02-02-15,actor-15,01-01-06-01-02-02-15,data\ravdess\Actor_15\01-01-06-01-02-02-15.mp4,fearful,RAVDESS acted emotion,train,male
01-01-06-02-01-01-15,actor-15,01-01-06-02-01-01-15,data\ravdess\Actor_15\01-01-06-02-01-01-15.mp4,fearful,RAVDESS acted emotion,train,male
01-01-06-02-01-02-15,actor-15,01-01-06-02-01-02-15,data\ravdess\Actor_15\01-01-06-02-01-02-15.mp4,fearful,RAVDESS acted emotion,train,male
01-01-06-02-02-01-15,actor-15,01-01-06-02-02-01-15,data\ravdess\Actor_15\01-01-06-02-02-01-15.mp4,fearful,RAVDESS acted emotion,train,male
01-01-06-02-02-02-15,actor-15,01-01-06-02-02-02-15,data\ravdess\Actor_15\01-01-06-02-02-02-15.mp4,fearful,RAVDESS acted emotion,train,male
01-01-07-01-01-01-15,actor-15,01-01-07-01-01-01-15,data\ravdess\Actor_15\01-01-07-01-01-01-15.mp4,disgust,RAVDESS acted emotion,train,male
01-01-07-01-01-02-15,actor-15,01-01-07-01-01-02-15,data\ravdess\Actor_15\01-01-07-01-01-02-15.mp4,disgust,RAVDESS acted emotion,train,male
01-01-07-01-02-01-15,actor-15,01-01-07-01-02-01-15,data\ravdess\Actor_15\01-01-07-01-02-01-15.mp4,disgust,RAVDESS acted emotion,train,male
01-01-07-01-02-02-15,actor-15,01-01-07-01-02-02-15,data\ravdess\Actor_15\01-01-07-01-02-02-15.mp4,disgust,RAVDESS acted emotion,train,male
01-01-07-02-01-01-15,actor-15,01-01-07-02-01-01-15,data\ravdess\Actor_15\01-01-07-02-01-01-15.mp4,disgust,RAVDESS acted emotion,train,male
01-01-07-02-01-02-15,actor-15,01-01-07-02-01-02-15,data\ravdess\Actor_15\01-01-07-02-01-02-15.mp4,disgust,RAVDESS acted emotion,train,male
01-01-07-02-02-01-15,actor-15,01-01-07-02-02-01-15,data\ravdess\Actor_15\01-01-07-02-02-01-15.mp4,disgust,RAVDESS acted emotion,train,male
01-01-07-02-02-02-15,actor-15,01-01-07-02-02-02-15,data\ravdess\Actor_15\01-01-07-02-02-02-15.mp4,disgust,RAVDESS acted emotion,train,male
01-01-08-01-01-01-15,actor-15,01-01-08-01-01-01-15,data\ravdess\Actor_15\01-01-08-01-01-01-15.mp4,surprised,RAVDESS acted emotion,train,male
01-01-08-01-01-02-15,actor-15,01-01-08-01-01-02-15,data\ravdess\Actor_15\01-01-08-01-01-02-15.mp4,surprised,RAVDESS acted emotion,train,male
01-01-08-01-02-01-15,actor-15,01-01-08-01-02-01-15,data\ravdess\Actor_15\01-01-08-01-02-01-15.mp4,surprised,RAVDESS acted emotion,train,male
01-01-08-01-02-02-15,actor-15,01-01-08-01-02-02-15,data\ravdess\Actor_15\01-01-08-01-02-02-15.mp4,surprised,RAVDESS acted emotion,train,male
01-01-08-02-01-01-15,actor-15,01-01-08-02-01-01-15,data\ravdess\Actor_15\01-01-08-02-01-01-15.mp4,surprised,RAVDESS acted emotion,train,male
01-01-08-02-01-02-15,actor-15,01-01-08-02-01-02-15,data\ravdess\Actor_15\01-01-08-02-01-02-15.mp4,surprised,RAVDESS acted emotion,train,male
01-01-08-02-02-01-15,actor-15,01-01-08-02-02-01-15,data\ravdess\Actor_15\01-01-08-02-02-01-15.mp4,surprised,RAVDESS acted emotion,train,male
01-01-08-02-02-02-15,actor-15,01-01-08-02-02-02-15,data\ravdess\Actor_15\01-01-08-02-02-02-15.mp4,surprised,RAVDESS acted emotion,train,male
01-01-01-01-01-01-16,actor-16,01-01-01-01-01-01-16,data\ravdess\Actor_16\01-01-01-01-01-01-16.mp4,neutral,RAVDESS acted emotion,train,female
01-01-01-01-01-02-16,actor-16,01-01-01-01-01-02-16,data\ravdess\Actor_16\01-01-01-01-01-02-16.mp4,neutral,RAVDESS acted emotion,train,female
01-01-01-01-02-01-16,actor-16,01-01-01-01-02-01-16,data\ravdess\Actor_16\01-01-01-01-02-01-16.mp4,neutral,RAVDESS acted emotion,train,female
01-01-01-01-02-02-16,actor-16,01-01-01-01-02-02-16,data\ravdess\Actor_16\01-01-01-01-02-02-16.mp4,neutral,RAVDESS acted emotion,train,female
01-01-02-01-01-01-16,actor-16,01-01-02-01-01-01-16,data\ravdess\Actor_16\01-01-02-01-01-01-16.mp4,calm,RAVDESS acted emotion,train,female
01-01-02-01-01-02-16,actor-16,01-01-02-01-01-02-16,data\ravdess\Actor_16\01-01-02-01-01-02-16.mp4,calm,RAVDESS acted emotion,train,female
01-01-02-01-02-01-16,actor-16,01-01-02-01-02-01-16,data\ravdess\Actor_16\01-01-02-01-02-01-16.mp4,calm,RAVDESS acted emotion,train,female
01-01-02-01-02-02-16,actor-16,01-01-02-01-02-02-16,data\ravdess\Actor_16\01-01-02-01-02-02-16.mp4,calm,RAVDESS acted emotion,train,female
01-01-02-02-01-01-16,actor-16,01-01-02-02-01-01-16,data\ravdess\Actor_16\01-01-02-02-01-01-16.mp4,calm,RAVDESS acted emotion,train,female
01-01-02-02-01-02-16,actor-16,01-01-02-02-01-02-16,data\ravdess\Actor_16\01-01-02-02-01-02-16.mp4,calm,RAVDESS acted emotion,train,female
01-01-02-02-02-01-16,actor-16,01-01-02-02-02-01-16,data\ravdess\Actor_16\01-01-02-02-02-01-16.mp4,calm,RAVDESS acted emotion,train,female
01-01-02-02-02-02-16,actor-16,01-01-02-02-02-02-16,data\ravdess\Actor_16\01-01-02-02-02-02-16.mp4,calm,RAVDESS acted emotion,train,female
01-01-03-01-01-01-16,actor-16,01-01-03-01-01-01-16,data\ravdess\Actor_16\01-01-03-01-01-01-16.mp4,happy,RAVDESS acted emotion,train,female
01-01-03-01-01-02-16,actor-16,01-01-03-01-01-02-16,data\ravdess\Actor_16\01-01-03-01-01-02-16.mp4,happy,RAVDESS acted emotion,train,female
01-01-03-01-02-01-16,actor-16,01-01-03-01-02-01-16,data\ravdess\Actor_16\01-01-03-01-02-01-16.mp4,happy,RAVDESS acted emotion,train,female
01-01-03-01-02-02-16,actor-16,01-01-03-01-02-02-16,data\ravdess\Actor_16\01-01-03-01-02-02-16.mp4,happy,RAVDESS acted emotion,train,female
01-01-03-02-01-01-16,actor-16,01-01-03-02-01-01-16,data\ravdess\Actor_16\01-01-03-02-01-01-16.mp4,happy,RAVDESS acted emotion,train,female
01-01-03-02-01-02-16,actor-16,01-01-03-02-01-02-16,data\ravdess\Actor_16\01-01-03-02-01-02-16.mp4,happy,RAVDESS acted emotion,train,female
01-01-03-02-02-01-16,actor-16,01-01-03-02-02-01-16,data\ravdess\Actor_16\01-01-03-02-02-01-16.mp4,happy,RAVDESS acted emotion,train,female
01-01-03-02-02-02-16,actor-16,01-01-03-02-02-02-16,data\ravdess\Actor_16\01-01-03-02-02-02-16.mp4,happy,RAVDESS acted emotion,train,female
01-01-04-01-01-01-16,actor-16,01-01-04-01-01-01-16,data\ravdess\Actor_16\01-01-04-01-01-01-16.mp4,sad,RAVDESS acted emotion,train,female
01-01-04-01-01-02-16,actor-16,01-01-04-01-01-02-16,data\ravdess\Actor_16\01-01-04-01-01-02-16.mp4,sad,RAVDESS acted emotion,train,female
01-01-04-01-02-01-16,actor-16,01-01-04-01-02-01-16,data\ravdess\Actor_16\01-01-04-01-02-01-16.mp4,sad,RAVDESS acted emotion,train,female
01-01-04-01-02-02-16,actor-16,01-01-04-01-02-02-16,data\ravdess\Actor_16\01-01-04-01-02-02-16.mp4,sad,RAVDESS acted emotion,train,female
01-01-04-02-01-01-16,actor-16,01-01-04-02-01-01-16,data\ravdess\Actor_16\01-01-04-02-01-01-16.mp4,sad,RAVDESS acted emotion,train,female
01-01-04-02-01-02-16,actor-16,01-01-04-02-01-02-16,data\ravdess\Actor_16\01-01-04-02-01-02-16.mp4,sad,RAVDESS acted emotion,train,female
01-01-04-02-02-01-16,actor-16,01-01-04-02-02-01-16,data\ravdess\Actor_16\01-01-04-02-02-01-16.mp4,sad,RAVDESS acted emotion,train,female
01-01-04-02-02-02-16,actor-16,01-01-04-02-02-02-16,data\ravdess\Actor_16\01-01-04-02-02-02-16.mp4,sad,RAVDESS acted emotion,train,female
01-01-05-01-01-01-16,actor-16,01-01-05-01-01-01-16,data\ravdess\Actor_16\01-01-05-01-01-01-16.mp4,angry,RAVDESS acted emotion,train,female
01-01-05-01-01-02-16,actor-16,01-01-05-01-01-02-16,data\ravdess\Actor_16\01-01-05-01-01-02-16.mp4,angry,RAVDESS acted emotion,train,female
01-01-05-01-02-01-16,actor-16,01-01-05-01-02-01-16,data\ravdess\Actor_16\01-01-05-01-02-01-16.mp4,angry,RAVDESS acted emotion,train,female
01-01-05-01-02-02-16,actor-16,01-01-05-01-02-02-16,data\ravdess\Actor_16\01-01-05-01-02-02-16.mp4,angry,RAVDESS acted emotion,train,female
01-01-05-02-01-01-16,actor-16,01-01-05-02-01-01-16,data\ravdess\Actor_16\01-01-05-02-01-01-16.mp4,angry,RAVDESS acted emotion,train,female
01-01-05-02-01-02-16,actor-16,01-01-05-02-01-02-16,data\ravdess\Actor_16\01-01-05-02-01-02-16.mp4,angry,RAVDESS acted emotion,train,female
01-01-05-02-02-01-16,actor-16,01-01-05-02-02-01-16,data\ravdess\Actor_16\01-01-05-02-02-01-16.mp4,angry,RAVDESS acted emotion,train,female
01-01-05-02-02-02-16,actor-16,01-01-05-02-02-02-16,data\ravdess\Actor_16\01-01-05-02-02-02-16.mp4,angry,RAVDESS acted emotion,train,female
01-01-06-01-01-01-16,actor-16,01-01-06-01-01-01-16,data\ravdess\Actor_16\01-01-06-01-01-01-16.mp4,fearful,RAVDESS acted emotion,train,female
01-01-06-01-01-02-16,actor-16,01-01-06-01-01-02-16,data\ravdess\Actor_16\01-01-06-01-01-02-16.mp4,fearful,RAVDESS acted emotion,train,female
01-01-06-01-02-01-16,actor-16,01-01-06-01-02-01-16,data\ravdess\Actor_16\01-01-06-01-02-01-16.mp4,fearful,RAVDESS acted emotion,train,female
01-01-06-01-02-02-16,actor-16,01-01-06-01-02-02-16,data\ravdess\Actor_16\01-01-06-01-02-02-16.mp4,fearful,RAVDESS acted emotion,train,female
01-01-06-02-01-01-16,actor-16,01-01-06-02-01-01-16,data\ravdess\Actor_16\01-01-06-02-01-01-16.mp4,fearful,RAVDESS acted emotion,train,female
01-01-06-02-01-02-16,actor-16,01-01-06-02-01-02-16,data\ravdess\Actor_16\01-01-06-02-01-02-16.mp4,fearful,RAVDESS acted emotion,train,female
01-01-06-02-02-01-16,actor-16,01-01-06-02-02-01-16,data\ravdess\Actor_16\01-01-06-02-02-01-16.mp4,fearful,RAVDESS acted emotion,train,female
01-01-06-02-02-02-16,actor-16,01-01-06-02-02-02-16,data\ravdess\Actor_16\01-01-06-02-02-02-16.mp4,fearful,RAVDESS acted emotion,train,female
01-01-07-01-01-01-16,actor-16,01-01-07-01-01-01-16,data\ravdess\Actor_16\01-01-07-01-01-01-16.mp4,disgust,RAVDESS acted emotion,train,female
01-01-07-01-01-02-16,actor-16,01-01-07-01-01-02-16,data\ravdess\Actor_16\01-01-07-01-01-02-16.mp4,disgust,RAVDESS acted emotion,train,female
01-01-07-01-02-01-16,actor-16,01-01-07-01-02-01-16,data\ravdess\Actor_16\01-01-07-01-02-01-16.mp4,disgust,RAVDESS acted emotion,train,female
01-01-07-01-02-02-16,actor-16,01-01-07-01-02-02-16,data\ravdess\Actor_16\01-01-07-01-02-02-16.mp4,disgust,RAVDESS acted emotion,train,female
01-01-07-02-01-01-16,actor-16,01-01-07-02-01-01-16,data\ravdess\Actor_16\01-01-07-02-01-01-16.mp4,disgust,RAVDESS acted emotion,train,female
01-01-07-02-01-02-16,actor-16,01-01-07-02-01-02-16,data\ravdess\Actor_16\01-01-07-02-01-02-16.mp4,disgust,RAVDESS acted emotion,train,female
01-01-07-02-02-01-16,actor-16,01-01-07-02-02-01-16,data\ravdess\Actor_16\01-01-07-02-02-01-16.mp4,disgust,RAVDESS acted emotion,train,female
01-01-07-02-02-02-16,actor-16,01-01-07-02-02-02-16,data\ravdess\Actor_16\01-01-07-02-02-02-16.mp4,disgust,RAVDESS acted emotion,train,female
01-01-08-01-01-01-16,actor-16,01-01-08-01-01-01-16,data\ravdess\Actor_16\01-01-08-01-01-01-16.mp4,surprised,RAVDESS acted emotion,train,female
01-01-08-01-01-02-16,actor-16,01-01-08-01-01-02-16,data\ravdess\Actor_16\01-01-08-01-01-02-16.mp4,surprised,RAVDESS acted emotion,train,female
01-01-08-01-02-01-16,actor-16,01-01-08-01-02-01-16,data\ravdess\Actor_16\01-01-08-01-02-01-16.mp4,surprised,RAVDESS acted emotion,train,female
01-01-08-01-02-02-16,actor-16,01-01-08-01-02-02-16,data\ravdess\Actor_16\01-01-08-01-02-02-16.mp4,surprised,RAVDESS acted emotion,train,female
01-01-08-02-01-01-16,actor-16,01-01-08-02-01-01-16,data\ravdess\Actor_16\01-01-08-02-01-01-16.mp4,surprised,RAVDESS acted emotion,train,female
01-01-08-02-01-02-16,actor-16,01-01-08-02-01-02-16,data\ravdess\Actor_16\01-01-08-02-01-02-16.mp4,surprised,RAVDESS acted emotion,train,female
01-01-08-02-02-01-16,actor-16,01-01-08-02-02-01-16,data\ravdess\Actor_16\01-01-08-02-02-01-16.mp4,surprised,RAVDESS acted emotion,train,female
01-01-08-02-02-02-16,actor-16,01-01-08-02-02-02-16,data\ravdess\Actor_16\01-01-08-02-02-02-16.mp4,surprised,RAVDESS acted emotion,train,female
01-01-01-01-01-01-17,actor-17,01-01-01-01-01-01-17,data\ravdess\Actor_17\01-01-01-01-01-01-17.mp4,neutral,RAVDESS acted emotion,train,male
01-01-01-01-01-02-17,actor-17,01-01-01-01-01-02-17,data\ravdess\Actor_17\01-01-01-01-01-02-17.mp4,neutral,RAVDESS acted emotion,train,male
01-01-01-01-02-01-17,actor-17,01-01-01-01-02-01-17,data\ravdess\Actor_17\01-01-01-01-02-01-17.mp4,neutral,RAVDESS acted emotion,train,male
01-01-01-01-02-02-17,actor-17,01-01-01-01-02-02-17,data\ravdess\Actor_17\01-01-01-01-02-02-17.mp4,neutral,RAVDESS acted emotion,train,male
01-01-02-01-01-01-17,actor-17,01-01-02-01-01-01-17,data\ravdess\Actor_17\01-01-02-01-01-01-17.mp4,calm,RAVDESS acted emotion,train,male
01-01-02-01-01-02-17,actor-17,01-01-02-01-01-02-17,data\ravdess\Actor_17\01-01-02-01-01-02-17.mp4,calm,RAVDESS acted emotion,train,male
01-01-02-01-02-01-17,actor-17,01-01-02-01-02-01-17,data\ravdess\Actor_17\01-01-02-01-02-01-17.mp4,calm,RAVDESS acted emotion,train,male
01-01-02-01-02-02-17,actor-17,01-01-02-01-02-02-17,data\ravdess\Actor_17\01-01-02-01-02-02-17.mp4,calm,RAVDESS acted emotion,train,male
01-01-02-02-01-01-17,actor-17,01-01-02-02-01-01-17,data\ravdess\Actor_17\01-01-02-02-01-01-17.mp4,calm,RAVDESS acted emotion,train,male
01-01-02-02-01-02-17,actor-17,01-01-02-02-01-02-17,data\ravdess\Actor_17\01-01-02-02-01-02-17.mp4,calm,RAVDESS acted emotion,train,male
01-01-02-02-02-01-17,actor-17,01-01-02-02-02-01-17,data\ravdess\Actor_17\01-01-02-02-02-01-17.mp4,calm,RAVDESS acted emotion,train,male
01-01-02-02-02-02-17,actor-17,01-01-02-02-02-02-17,data\ravdess\Actor_17\01-01-02-02-02-02-17.mp4,calm,RAVDESS acted emotion,train,male
01-01-03-01-01-01-17,actor-17,01-01-03-01-01-01-17,data\ravdess\Actor_17\01-01-03-01-01-01-17.mp4,happy,RAVDESS acted emotion,train,male
01-01-03-01-01-02-17,actor-17,01-01-03-01-01-02-17,data\ravdess\Actor_17\01-01-03-01-01-02-17.mp4,happy,RAVDESS acted emotion,train,male
01-01-03-01-02-01-17,actor-17,01-01-03-01-02-01-17,data\ravdess\Actor_17\01-01-03-01-02-01-17.mp4,happy,RAVDESS acted emotion,train,male
01-01-03-01-02-02-17,actor-17,01-01-03-01-02-02-17,data\ravdess\Actor_17\01-01-03-01-02-02-17.mp4,happy,RAVDESS acted emotion,train,male
01-01-03-02-01-01-17,actor-17,01-01-03-02-01-01-17,data\ravdess\Actor_17\01-01-03-02-01-01-17.mp4,happy,RAVDESS acted emotion,train,male
01-01-03-02-01-02-17,actor-17,01-01-03-02-01-02-17,data\ravdess\Actor_17\01-01-03-02-01-02-17.mp4,happy,RAVDESS acted emotion,train,male
01-01-03-02-02-01-17,actor-17,01-01-03-02-02-01-17,data\ravdess\Actor_17\01-01-03-02-02-01-17.mp4,happy,RAVDESS acted emotion,train,male
01-01-03-02-02-02-17,actor-17,01-01-03-02-02-02-17,data\ravdess\Actor_17\01-01-03-02-02-02-17.mp4,happy,RAVDESS acted emotion,train,male
01-01-04-01-01-01-17,actor-17,01-01-04-01-01-01-17,data\ravdess\Actor_17\01-01-04-01-01-01-17.mp4,sad,RAVDESS acted emotion,train,male
01-01-04-01-01-02-17,actor-17,01-01-04-01-01-02-17,data\ravdess\Actor_17\01-01-04-01-01-02-17.mp4,sad,RAVDESS acted emotion,train,male
01-01-04-01-02-01-17,actor-17,01-01-04-01-02-01-17,data\ravdess\Actor_17\01-01-04-01-02-01-17.mp4,sad,RAVDESS acted emotion,train,male
01-01-04-01-02-02-17,actor-17,01-01-04-01-02-02-17,data\ravdess\Actor_17\01-01-04-01-02-02-17.mp4,sad,RAVDESS acted emotion,train,male
01-01-04-02-01-01-17,actor-17,01-01-04-02-01-01-17,data\ravdess\Actor_17\01-01-04-02-01-01-17.mp4,sad,RAVDESS acted emotion,train,male
01-01-04-02-01-02-17,actor-17,01-01-04-02-01-02-17,data\ravdess\Actor_17\01-01-04-02-01-02-17.mp4,sad,RAVDESS acted emotion,train,male
01-01-04-02-02-01-17,actor-17,01-01-04-02-02-01-17,data\ravdess\Actor_17\01-01-04-02-02-01-17.mp4,sad,RAVDESS acted emotion,train,male
01-01-04-02-02-02-17,actor-17,01-01-04-02-02-02-17,data\ravdess\Actor_17\01-01-04-02-02-02-17.mp4,sad,RAVDESS acted emotion,train,male
01-01-05-01-01-01-17,actor-17,01-01-05-01-01-01-17,data\ravdess\Actor_17\01-01-05-01-01-01-17.mp4,angry,RAVDESS acted emotion,train,male
01-01-05-01-01-02-17,actor-17,01-01-05-01-01-02-17,data\ravdess\Actor_17\01-01-05-01-01-02-17.mp4,angry,RAVDESS acted emotion,train,male
01-01-05-01-02-01-17,actor-17,01-01-05-01-02-01-17,data\ravdess\Actor_17\01-01-05-01-02-01-17.mp4,angry,RAVDESS acted emotion,train,male
01-01-05-01-02-02-17,actor-17,01-01-05-01-02-02-17,data\ravdess\Actor_17\01-01-05-01-02-02-17.mp4,angry,RAVDESS acted emotion,train,male
01-01-05-02-01-01-17,actor-17,01-01-05-02-01-01-17,data\ravdess\Actor_17\01-01-05-02-01-01-17.mp4,angry,RAVDESS acted emotion,train,male
01-01-05-02-01-02-17,actor-17,01-01-05-02-01-02-17,data\ravdess\Actor_17\01-01-05-02-01-02-17.mp4,angry,RAVDESS acted emotion,train,male
01-01-05-02-02-01-17,actor-17,01-01-05-02-02-01-17,data\ravdess\Actor_17\01-01-05-02-02-01-17.mp4,angry,RAVDESS acted emotion,train,male
01-01-05-02-02-02-17,actor-17,01-01-05-02-02-02-17,data\ravdess\Actor_17\01-01-05-02-02-02-17.mp4,angry,RAVDESS acted emotion,train,male
01-01-06-01-01-01-17,actor-17,01-01-06-01-01-01-17,data\ravdess\Actor_17\01-01-06-01-01-01-17.mp4,fearful,RAVDESS acted emotion,train,male
01-01-06-01-01-02-17,actor-17,01-01-06-01-01-02-17,data\ravdess\Actor_17\01-01-06-01-01-02-17.mp4,fearful,RAVDESS acted emotion,train,male
01-01-06-01-02-01-17,actor-17,01-01-06-01-02-01-17,data\ravdess\Actor_17\01-01-06-01-02-01-17.mp4,fearful,RAVDESS acted emotion,train,male
01-01-06-01-02-02-17,actor-17,01-01-06-01-02-02-17,data\ravdess\Actor_17\01-01-06-01-02-02-17.mp4,fearful,RAVDESS acted emotion,train,male
01-01-06-02-01-01-17,actor-17,01-01-06-02-01-01-17,data\ravdess\Actor_17\01-01-06-02-01-01-17.mp4,fearful,RAVDESS acted emotion,train,male
01-01-06-02-01-02-17,actor-17,01-01-06-02-01-02-17,data\ravdess\Actor_17\01-01-06-02-01-02-17.mp4,fearful,RAVDESS acted emotion,train,male
01-01-06-02-02-01-17,actor-17,01-01-06-02-02-01-17,data\ravdess\Actor_17\01-01-06-02-02-01-17.mp4,fearful,RAVDESS acted emotion,train,male
01-01-06-02-02-02-17,actor-17,01-01-06-02-02-02-17,data\ravdess\Actor_17\01-01-06-02-02-02-17.mp4,fearful,RAVDESS acted emotion,train,male
01-01-07-01-01-01-17,actor-17,01-01-07-01-01-01-17,data\ravdess\Actor_17\01-01-07-01-01-01-17.mp4,disgust,RAVDESS acted emotion,train,male
01-01-07-01-01-02-17,actor-17,01-01-07-01-01-02-17,data\ravdess\Actor_17\01-01-07-01-01-02-17.mp4,disgust,RAVDESS acted emotion,train,male
01-01-07-01-02-01-17,actor-17,01-01-07-01-02-01-17,data\ravdess\Actor_17\01-01-07-01-02-01-17.mp4,disgust,RAVDESS acted emotion,train,male
01-01-07-01-02-02-17,actor-17,01-01-07-01-02-02-17,data\ravdess\Actor_17\01-01-07-01-02-02-17.mp4,disgust,RAVDESS acted emotion,train,male
01-01-07-02-01-01-17,actor-17,01-01-07-02-01-01-17,data\ravdess\Actor_17\01-01-07-02-01-01-17.mp4,disgust,RAVDESS acted emotion,train,male
01-01-07-02-01-02-17,actor-17,01-01-07-02-01-02-17,data\ravdess\Actor_17\01-01-07-02-01-02-17.mp4,disgust,RAVDESS acted emotion,train,male
01-01-07-02-02-01-17,actor-17,01-01-07-02-02-01-17,data\ravdess\Actor_17\01-01-07-02-02-01-17.mp4,disgust,RAVDESS acted emotion,train,male
01-01-07-02-02-02-17,actor-17,01-01-07-02-02-02-17,data\ravdess\Actor_17\01-01-07-02-02-02-17.mp4,disgust,RAVDESS acted emotion,train,male
01-01-08-01-01-01-17,actor-17,01-01-08-01-01-01-17,data\ravdess\Actor_17\01-01-08-01-01-01-17.mp4,surprised,RAVDESS acted emotion,train,male
01-01-08-01-01-02-17,actor-17,01-01-08-01-01-02-17,data\ravdess\Actor_17\01-01-08-01-01-02-17.mp4,surprised,RAVDESS acted emotion,train,male
01-01-08-01-02-01-17,actor-17,01-01-08-01-02-01-17,data\ravdess\Actor_17\01-01-08-01-02-01-17.mp4,surprised,RAVDESS acted emotion,train,male
01-01-08-01-02-02-17,actor-17,01-01-08-01-02-02-17,data\ravdess\Actor_17\01-01-08-01-02-02-17.mp4,surprised,RAVDESS acted emotion,train,male
01-01-08-02-01-01-17,actor-17,01-01-08-02-01-01-17,data\ravdess\Actor_17\01-01-08-02-01-01-17.mp4,surprised,RAVDESS acted emotion,train,male
01-01-08-02-01-02-17,actor-17,01-01-08-02-01-02-17,data\ravdess\Actor_17\01-01-08-02-01-02-17.mp4,surprised,RAVDESS acted emotion,train,male
01-01-08-02-02-01-17,actor-17,01-01-08-02-02-01-17,data\ravdess\Actor_17\01-01-08-02-02-01-17.mp4,surprised,RAVDESS acted emotion,train,male
01-01-08-02-02-02-17,actor-17,01-01-08-02-02-02-17,data\ravdess\Actor_17\01-01-08-02-02-02-17.mp4,surprised,RAVDESS acted emotion,train,male
01-01-01-01-01-01-18,actor-18,01-01-01-01-01-01-18,data\ravdess\Actor_18\01-01-01-01-01-01-18.mp4,neutral,RAVDESS acted emotion,train,female
01-01-01-01-01-02-18,actor-18,01-01-01-01-01-02-18,data\ravdess\Actor_18\01-01-01-01-01-02-18.mp4,neutral,RAVDESS acted emotion,train,female
01-01-01-01-02-01-18,actor-18,01-01-01-01-02-01-18,data\ravdess\Actor_18\01-01-01-01-02-01-18.mp4,neutral,RAVDESS acted emotion,train,female
01-01-01-01-02-02-18,actor-18,01-01-01-01-02-02-18,data\ravdess\Actor_18\01-01-01-01-02-02-18.mp4,neutral,RAVDESS acted emotion,train,female
01-01-02-01-01-01-18,actor-18,01-01-02-01-01-01-18,data\ravdess\Actor_18\01-01-02-01-01-01-18.mp4,calm,RAVDESS acted emotion,train,female
01-01-02-01-01-02-18,actor-18,01-01-02-01-01-02-18,data\ravdess\Actor_18\01-01-02-01-01-02-18.mp4,calm,RAVDESS acted emotion,train,female
01-01-02-01-02-01-18,actor-18,01-01-02-01-02-01-18,data\ravdess\Actor_18\01-01-02-01-02-01-18.mp4,calm,RAVDESS acted emotion,train,female
01-01-02-01-02-02-18,actor-18,01-01-02-01-02-02-18,data\ravdess\Actor_18\01-01-02-01-02-02-18.mp4,calm,RAVDESS acted emotion,train,female
01-01-02-02-01-01-18,actor-18,01-01-02-02-01-01-18,data\ravdess\Actor_18\01-01-02-02-01-01-18.mp4,calm,RAVDESS acted emotion,train,female
01-01-02-02-01-02-18,actor-18,01-01-02-02-01-02-18,data\ravdess\Actor_18\01-01-02-02-01-02-18.mp4,calm,RAVDESS acted emotion,train,female
01-01-02-02-02-01-18,actor-18,01-01-02-02-02-01-18,data\ravdess\Actor_18\01-01-02-02-02-01-18.mp4,calm,RAVDESS acted emotion,train,female
01-01-02-02-02-02-18,actor-18,01-01-02-02-02-02-18,data\ravdess\Actor_18\01-01-02-02-02-02-18.mp4,calm,RAVDESS acted emotion,train,female
01-01-03-01-01-01-18,actor-18,01-01-03-01-01-01-18,data\ravdess\Actor_18\01-01-03-01-01-01-18.mp4,happy,RAVDESS acted emotion,train,female
01-01-03-01-01-02-18,actor-18,01-01-03-01-01-02-18,data\ravdess\Actor_18\01-01-03-01-01-02-18.mp4,happy,RAVDESS acted emotion,train,female
01-01-03-01-02-01-18,actor-18,01-01-03-01-02-01-18,data\ravdess\Actor_18\01-01-03-01-02-01-18.mp4,happy,RAVDESS acted emotion,train,female
01-01-03-01-02-02-18,actor-18,01-01-03-01-02-02-18,data\ravdess\Actor_18\01-01-03-01-02-02-18.mp4,happy,RAVDESS acted emotion,train,female
01-01-03-02-01-01-18,actor-18,01-01-03-02-01-01-18,data\ravdess\Actor_18\01-01-03-02-01-01-18.mp4,happy,RAVDESS acted emotion,train,female
01-01-03-02-01-02-18,actor-18,01-01-03-02-01-02-18,data\ravdess\Actor_18\01-01-03-02-01-02-18.mp4,happy,RAVDESS acted emotion,train,female
01-01-03-02-02-01-18,actor-18,01-01-03-02-02-01-18,data\ravdess\Actor_18\01-01-03-02-02-01-18.mp4,happy,RAVDESS acted emotion,train,female
01-01-03-02-02-02-18,actor-18,01-01-03-02-02-02-18,data\ravdess\Actor_18\01-01-03-02-02-02-18.mp4,happy,RAVDESS acted emotion,train,female
01-01-04-01-01-01-18,actor-18,01-01-04-01-01-01-18,data\ravdess\Actor_18\01-01-04-01-01-01-18.mp4,sad,RAVDESS acted emotion,train,female
01-01-04-01-01-02-18,actor-18,01-01-04-01-01-02-18,data\ravdess\Actor_18\01-01-04-01-01-02-18.mp4,sad,RAVDESS acted emotion,train,female
01-01-04-01-02-01-18,actor-18,01-01-04-01-02-01-18,data\ravdess\Actor_18\01-01-04-01-02-01-18.mp4,sad,RAVDESS acted emotion,train,female
01-01-04-01-02-02-18,actor-18,01-01-04-01-02-02-18,data\ravdess\Actor_18\01-01-04-01-02-02-18.mp4,sad,RAVDESS acted emotion,train,female
01-01-04-02-01-01-18,actor-18,01-01-04-02-01-01-18,data\ravdess\Actor_18\01-01-04-02-01-01-18.mp4,sad,RAVDESS acted emotion,train,female
01-01-04-02-01-02-18,actor-18,01-01-04-02-01-02-18,data\ravdess\Actor_18\01-01-04-02-01-02-18.mp4,sad,RAVDESS acted emotion,train,female
01-01-04-02-02-01-18,actor-18,01-01-04-02-02-01-18,data\ravdess\Actor_18\01-01-04-02-02-01-18.mp4,sad,RAVDESS acted emotion,train,female
01-01-04-02-02-02-18,actor-18,01-01-04-02-02-02-18,data\ravdess\Actor_18\01-01-04-02-02-02-18.mp4,sad,RAVDESS acted emotion,train,female
01-01-05-01-01-01-18,actor-18,01-01-05-01-01-01-18,data\ravdess\Actor_18\01-01-05-01-01-01-18.mp4,angry,RAVDESS acted emotion,train,female
01-01-05-01-01-02-18,actor-18,01-01-05-01-01-02-18,data\ravdess\Actor_18\01-01-05-01-01-02-18.mp4,angry,RAVDESS acted emotion,train,female
01-01-05-01-02-01-18,actor-18,01-01-05-01-02-01-18,data\ravdess\Actor_18\01-01-05-01-02-01-18.mp4,angry,RAVDESS acted emotion,train,female
01-01-05-01-02-02-18,actor-18,01-01-05-01-02-02-18,data\ravdess\Actor_18\01-01-05-01-02-02-18.mp4,angry,RAVDESS acted emotion,train,female
01-01-05-02-01-01-18,actor-18,01-01-05-02-01-01-18,data\ravdess\Actor_18\01-01-05-02-01-01-18.mp4,angry,RAVDESS acted emotion,train,female
01-01-05-02-01-02-18,actor-18,01-01-05-02-01-02-18,data\ravdess\Actor_18\01-01-05-02-01-02-18.mp4,angry,RAVDESS acted emotion,train,female
01-01-05-02-02-01-18,actor-18,01-01-05-02-02-01-18,data\ravdess\Actor_18\01-01-05-02-02-01-18.mp4,angry,RAVDESS acted emotion,train,female
01-01-05-02-02-02-18,actor-18,01-01-05-02-02-02-18,data\ravdess\Actor_18\01-01-05-02-02-02-18.mp4,angry,RAVDESS acted emotion,train,female
01-01-06-01-01-01-18,actor-18,01-01-06-01-01-01-18,data\ravdess\Actor_18\01-01-06-01-01-01-18.mp4,fearful,RAVDESS acted emotion,train,female
01-01-06-01-01-02-18,actor-18,01-01-06-01-01-02-18,data\ravdess\Actor_18\01-01-06-01-01-02-18.mp4,fearful,RAVDESS acted emotion,train,female
01-01-06-01-02-01-18,actor-18,01-01-06-01-02-01-18,data\ravdess\Actor_18\01-01-06-01-02-01-18.mp4,fearful,RAVDESS acted emotion,train,female
01-01-06-01-02-02-18,actor-18,01-01-06-01-02-02-18,data\ravdess\Actor_18\01-01-06-01-02-02-18.mp4,fearful,RAVDESS acted emotion,train,female
01-01-06-02-01-01-18,actor-18,01-01-06-02-01-01-18,data\ravdess\Actor_18\01-01-06-02-01-01-18.mp4,fearful,RAVDESS acted emotion,train,female
01-01-06-02-01-02-18,actor-18,01-01-06-02-01-02-18,data\ravdess\Actor_18\01-01-06-02-01-02-18.mp4,fearful,RAVDESS acted emotion,train,female
01-01-06-02-02-01-18,actor-18,01-01-06-02-02-01-18,data\ravdess\Actor_18\01-01-06-02-02-01-18.mp4,fearful,RAVDESS acted emotion,train,female
01-01-06-02-02-02-18,actor-18,01-01-06-02-02-02-18,data\ravdess\Actor_18\01-01-06-02-02-02-18.mp4,fearful,RAVDESS acted emotion,train,female
01-01-07-01-01-01-18,actor-18,01-01-07-01-01-01-18,data\ravdess\Actor_18\01-01-07-01-01-01-18.mp4,disgust,RAVDESS acted emotion,train,female
01-01-07-01-01-02-18,actor-18,01-01-07-01-01-02-18,data\ravdess\Actor_18\01-01-07-01-01-02-18.mp4,disgust,RAVDESS acted emotion,train,female
01-01-07-01-02-01-18,actor-18,01-01-07-01-02-01-18,data\ravdess\Actor_18\01-01-07-01-02-01-18.mp4,disgust,RAVDESS acted emotion,train,female
01-01-07-01-02-02-18,actor-18,01-01-07-01-02-02-18,data\ravdess\Actor_18\01-01-07-01-02-02-18.mp4,disgust,RAVDESS acted emotion,train,female
01-01-07-02-01-01-18,actor-18,01-01-07-02-01-01-18,data\ravdess\Actor_18\01-01-07-02-01-01-18.mp4,disgust,RAVDESS acted emotion,train,female
01-01-07-02-01-02-18,actor-18,01-01-07-02-01-02-18,data\ravdess\Actor_18\01-01-07-02-01-02-18.mp4,disgust,RAVDESS acted emotion,train,female
01-01-07-02-02-01-18,actor-18,01-01-07-02-02-01-18,data\ravdess\Actor_18\01-01-07-02-02-01-18.mp4,disgust,RAVDESS acted emotion,train,female
01-01-07-02-02-02-18,actor-18,01-01-07-02-02-02-18,data\ravdess\Actor_18\01-01-07-02-02-02-18.mp4,disgust,RAVDESS acted emotion,train,female
01-01-08-01-01-01-18,actor-18,01-01-08-01-01-01-18,data\ravdess\Actor_18\01-01-08-01-01-01-18.mp4,surprised,RAVDESS acted emotion,train,female
01-01-08-01-01-02-18,actor-18,01-01-08-01-01-02-18,data\ravdess\Actor_18\01-01-08-01-01-02-18.mp4,surprised,RAVDESS acted emotion,train,female
01-01-08-01-02-01-18,actor-18,01-01-08-01-02-01-18,data\ravdess\Actor_18\01-01-08-01-02-01-18.mp4,surprised,RAVDESS acted emotion,train,female
01-01-08-01-02-02-18,actor-18,01-01-08-01-02-02-18,data\ravdess\Actor_18\01-01-08-01-02-02-18.mp4,surprised,RAVDESS acted emotion,train,female
01-01-08-02-01-01-18,actor-18,01-01-08-02-01-01-18,data\ravdess\Actor_18\01-01-08-02-01-01-18.mp4,surprised,RAVDESS acted emotion,train,female
01-01-08-02-01-02-18,actor-18,01-01-08-02-01-02-18,data\ravdess\Actor_18\01-01-08-02-01-02-18.mp4,surprised,RAVDESS acted emotion,train,female
01-01-08-02-02-01-18,actor-18,01-01-08-02-02-01-18,data\ravdess\Actor_18\01-01-08-02-02-01-18.mp4,surprised,RAVDESS acted emotion,train,female
01-01-08-02-02-02-18,actor-18,01-01-08-02-02-02-18,data\ravdess\Actor_18\01-01-08-02-02-02-18.mp4,surprised,RAVDESS acted emotion,train,female
01-01-01-01-01-01-19,actor-19,01-01-01-01-01-01-19,data\ravdess\Actor_19\01-01-01-01-01-01-19.mp4,neutral,RAVDESS acted emotion,train,male
01-01-01-01-01-02-19,actor-19,01-01-01-01-01-02-19,data\ravdess\Actor_19\01-01-01-01-01-02-19.mp4,neutral,RAVDESS acted emotion,train,male
01-01-01-01-02-01-19,actor-19,01-01-01-01-02-01-19,data\ravdess\Actor_19\01-01-01-01-02-01-19.mp4,neutral,RAVDESS acted emotion,train,male
01-01-01-01-02-02-19,actor-19,01-01-01-01-02-02-19,data\ravdess\Actor_19\01-01-01-01-02-02-19.mp4,neutral,RAVDESS acted emotion,train,male
01-01-02-01-01-01-19,actor-19,01-01-02-01-01-01-19,data\ravdess\Actor_19\01-01-02-01-01-01-19.mp4,calm,RAVDESS acted emotion,train,male
01-01-02-01-01-02-19,actor-19,01-01-02-01-01-02-19,data\ravdess\Actor_19\01-01-02-01-01-02-19.mp4,calm,RAVDESS acted emotion,train,male
01-01-02-01-02-01-19,actor-19,01-01-02-01-02-01-19,data\ravdess\Actor_19\01-01-02-01-02-01-19.mp4,calm,RAVDESS acted emotion,train,male
01-01-02-01-02-02-19,actor-19,01-01-02-01-02-02-19,data\ravdess\Actor_19\01-01-02-01-02-02-19.mp4,calm,RAVDESS acted emotion,train,male
01-01-02-02-01-01-19,actor-19,01-01-02-02-01-01-19,data\ravdess\Actor_19\01-01-02-02-01-01-19.mp4,calm,RAVDESS acted emotion,train,male
01-01-02-02-01-02-19,actor-19,01-01-02-02-01-02-19,data\ravdess\Actor_19\01-01-02-02-01-02-19.mp4,calm,RAVDESS acted emotion,train,male
01-01-02-02-02-01-19,actor-19,01-01-02-02-02-01-19,data\ravdess\Actor_19\01-01-02-02-02-01-19.mp4,calm,RAVDESS acted emotion,train,male
01-01-02-02-02-02-19,actor-19,01-01-02-02-02-02-19,data\ravdess\Actor_19\01-01-02-02-02-02-19.mp4,calm,RAVDESS acted emotion,train,male
01-01-03-01-01-01-19,actor-19,01-01-03-01-01-01-19,data\ravdess\Actor_19\01-01-03-01-01-01-19.mp4,happy,RAVDESS acted emotion,train,male
01-01-03-01-01-02-19,actor-19,01-01-03-01-01-02-19,data\ravdess\Actor_19\01-01-03-01-01-02-19.mp4,happy,RAVDESS acted emotion,train,male
01-01-03-01-02-01-19,actor-19,01-01-03-01-02-01-19,data\ravdess\Actor_19\01-01-03-01-02-01-19.mp4,happy,RAVDESS acted emotion,train,male
01-01-03-01-02-02-19,actor-19,01-01-03-01-02-02-19,data\ravdess\Actor_19\01-01-03-01-02-02-19.mp4,happy,RAVDESS acted emotion,train,male
01-01-03-02-01-01-19,actor-19,01-01-03-02-01-01-19,data\ravdess\Actor_19\01-01-03-02-01-01-19.mp4,happy,RAVDESS acted emotion,train,male
01-01-03-02-01-02-19,actor-19,01-01-03-02-01-02-19,data\ravdess\Actor_19\01-01-03-02-01-02-19.mp4,happy,RAVDESS acted emotion,train,male
01-01-03-02-02-01-19,actor-19,01-01-03-02-02-01-19,data\ravdess\Actor_19\01-01-03-02-02-01-19.mp4,happy,RAVDESS acted emotion,train,male
01-01-03-02-02-02-19,actor-19,01-01-03-02-02-02-19,data\ravdess\Actor_19\01-01-03-02-02-02-19.mp4,happy,RAVDESS acted emotion,train,male
01-01-04-01-01-01-19,actor-19,01-01-04-01-01-01-19,data\ravdess\Actor_19\01-01-04-01-01-01-19.mp4,sad,RAVDESS acted emotion,train,male
01-01-04-01-01-02-19,actor-19,01-01-04-01-01-02-19,data\ravdess\Actor_19\01-01-04-01-01-02-19.mp4,sad,RAVDESS acted emotion,train,male
01-01-04-01-02-01-19,actor-19,01-01-04-01-02-01-19,data\ravdess\Actor_19\01-01-04-01-02-01-19.mp4,sad,RAVDESS acted emotion,train,male
01-01-04-01-02-02-19,actor-19,01-01-04-01-02-02-19,data\ravdess\Actor_19\01-01-04-01-02-02-19.mp4,sad,RAVDESS acted emotion,train,male
01-01-04-02-01-01-19,actor-19,01-01-04-02-01-01-19,data\ravdess\Actor_19\01-01-04-02-01-01-19.mp4,sad,RAVDESS acted emotion,train,male
01-01-04-02-01-02-19,actor-19,01-01-04-02-01-02-19,data\ravdess\Actor_19\01-01-04-02-01-02-19.mp4,sad,RAVDESS acted emotion,train,male
01-01-04-02-02-01-19,actor-19,01-01-04-02-02-01-19,data\ravdess\Actor_19\01-01-04-02-02-01-19.mp4,sad,RAVDESS acted emotion,train,male
01-01-04-02-02-02-19,actor-19,01-01-04-02-02-02-19,data\ravdess\Actor_19\01-01-04-02-02-02-19.mp4,sad,RAVDESS acted emotion,train,male
01-01-05-01-01-01-19,actor-19,01-01-05-01-01-01-19,data\ravdess\Actor_19\01-01-05-01-01-01-19.mp4,angry,RAVDESS acted emotion,train,male
01-01-05-01-01-02-19,actor-19,01-01-05-01-01-02-19,data\ravdess\Actor_19\01-01-05-01-01-02-19.mp4,angry,RAVDESS acted emotion,train,male
01-01-05-01-02-01-19,actor-19,01-01-05-01-02-01-19,data\ravdess\Actor_19\01-01-05-01-02-01-19.mp4,angry,RAVDESS acted emotion,train,male
01-01-05-01-02-02-19,actor-19,01-01-05-01-02-02-19,data\ravdess\Actor_19\01-01-05-01-02-02-19.mp4,angry,RAVDESS acted emotion,train,male
01-01-05-02-01-01-19,actor-19,01-01-05-02-01-01-19,data\ravdess\Actor_19\01-01-05-02-01-01-19.mp4,angry,RAVDESS acted emotion,train,male
01-01-05-02-01-02-19,actor-19,01-01-05-02-01-02-19,data\ravdess\Actor_19\01-01-05-02-01-02-19.mp4,angry,RAVDESS acted emotion,train,male
01-01-05-02-02-01-19,actor-19,01-01-05-02-02-01-19,data\ravdess\Actor_19\01-01-05-02-02-01-19.mp4,angry,RAVDESS acted emotion,train,male
01-01-05-02-02-02-19,actor-19,01-01-05-02-02-02-19,data\ravdess\Actor_19\01-01-05-02-02-02-19.mp4,angry,RAVDESS acted emotion,train,male
01-01-06-01-01-01-19,actor-19,01-01-06-01-01-01-19,data\ravdess\Actor_19\01-01-06-01-01-01-19.mp4,fearful,RAVDESS acted emotion,train,male
01-01-06-01-01-02-19,actor-19,01-01-06-01-01-02-19,data\ravdess\Actor_19\01-01-06-01-01-02-19.mp4,fearful,RAVDESS acted emotion,train,male
01-01-06-01-02-01-19,actor-19,01-01-06-01-02-01-19,data\ravdess\Actor_19\01-01-06-01-02-01-19.mp4,fearful,RAVDESS acted emotion,train,male
01-01-06-01-02-02-19,actor-19,01-01-06-01-02-02-19,data\ravdess\Actor_19\01-01-06-01-02-02-19.mp4,fearful,RAVDESS acted emotion,train,male
01-01-06-02-01-01-19,actor-19,01-01-06-02-01-01-19,data\ravdess\Actor_19\01-01-06-02-01-01-19.mp4,fearful,RAVDESS acted emotion,train,male
01-01-06-02-01-02-19,actor-19,01-01-06-02-01-02-19,data\ravdess\Actor_19\01-01-06-02-01-02-19.mp4,fearful,RAVDESS acted emotion,train,male
01-01-06-02-02-01-19,actor-19,01-01-06-02-02-01-19,data\ravdess\Actor_19\01-01-06-02-02-01-19.mp4,fearful,RAVDESS acted emotion,train,male
01-01-06-02-02-02-19,actor-19,01-01-06-02-02-02-19,data\ravdess\Actor_19\01-01-06-02-02-02-19.mp4,fearful,RAVDESS acted emotion,train,male
01-01-07-01-01-01-19,actor-19,01-01-07-01-01-01-19,data\ravdess\Actor_19\01-01-07-01-01-01-19.mp4,disgust,RAVDESS acted emotion,train,male
01-01-07-01-01-02-19,actor-19,01-01-07-01-01-02-19,data\ravdess\Actor_19\01-01-07-01-01-02-19.mp4,disgust,RAVDESS acted emotion,train,male
01-01-07-01-02-01-19,actor-19,01-01-07-01-02-01-19,data\ravdess\Actor_19\01-01-07-01-02-01-19.mp4,disgust,RAVDESS acted emotion,train,male
01-01-07-01-02-02-19,actor-19,01-01-07-01-02-02-19,data\ravdess\Actor_19\01-01-07-01-02-02-19.mp4,disgust,RAVDESS acted emotion,train,male
01-01-07-02-01-01-19,actor-19,01-01-07-02-01-01-19,data\ravdess\Actor_19\01-01-07-02-01-01-19.mp4,disgust,RAVDESS acted emotion,train,male
01-01-07-02-01-02-19,actor-19,01-01-07-02-01-02-19,data\ravdess\Actor_19\01-01-07-02-01-02-19.mp4,disgust,RAVDESS acted emotion,train,male
01-01-07-02-02-01-19,actor-19,01-01-07-02-02-01-19,data\ravdess\Actor_19\01-01-07-02-02-01-19.mp4,disgust,RAVDESS acted emotion,train,male
01-01-07-02-02-02-19,actor-19,01-01-07-02-02-02-19,data\ravdess\Actor_19\01-01-07-02-02-02-19.mp4,disgust,RAVDESS acted emotion,train,male
01-01-08-01-01-01-19,actor-19,01-01-08-01-01-01-19,data\ravdess\Actor_19\01-01-08-01-01-01-19.mp4,surprised,RAVDESS acted emotion,train,male
01-01-08-01-01-02-19,actor-19,01-01-08-01-01-02-19,data\ravdess\Actor_19\01-01-08-01-01-02-19.mp4,surprised,RAVDESS acted emotion,train,male
01-01-08-01-02-01-19,actor-19,01-01-08-01-02-01-19,data\ravdess\Actor_19\01-01-08-01-02-01-19.mp4,surprised,RAVDESS acted emotion,train,male
01-01-08-01-02-02-19,actor-19,01-01-08-01-02-02-19,data\ravdess\Actor_19\01-01-08-01-02-02-19.mp4,surprised,RAVDESS acted emotion,train,male
01-01-08-02-01-01-19,actor-19,01-01-08-02-01-01-19,data\ravdess\Actor_19\01-01-08-02-01-01-19.mp4,surprised,RAVDESS acted emotion,train,male
01-01-08-02-01-02-19,actor-19,01-01-08-02-01-02-19,data\ravdess\Actor_19\01-01-08-02-01-02-19.mp4,surprised,RAVDESS acted emotion,train,male
01-01-08-02-02-01-19,actor-19,01-01-08-02-02-01-19,data\ravdess\Actor_19\01-01-08-02-02-01-19.mp4,surprised,RAVDESS acted emotion,train,male
01-01-08-02-02-02-19,actor-19,01-01-08-02-02-02-19,data\ravdess\Actor_19\01-01-08-02-02-02-19.mp4,surprised,RAVDESS acted emotion,train,male
01-01-01-01-01-01-20,actor-20,01-01-01-01-01-01-20,data\ravdess\Actor_20\01-01-01-01-01-01-20.mp4,neutral,RAVDESS acted emotion,train,female
01-01-01-01-01-02-20,actor-20,01-01-01-01-01-02-20,data\ravdess\Actor_20\01-01-01-01-01-02-20.mp4,neutral,RAVDESS acted emotion,train,female
01-01-01-01-02-01-20,actor-20,01-01-01-01-02-01-20,data\ravdess\Actor_20\01-01-01-01-02-01-20.mp4,neutral,RAVDESS acted emotion,train,female
01-01-01-01-02-02-20,actor-20,01-01-01-01-02-02-20,data\ravdess\Actor_20\01-01-01-01-02-02-20.mp4,neutral,RAVDESS acted emotion,train,female
01-01-02-01-01-01-20,actor-20,01-01-02-01-01-01-20,data\ravdess\Actor_20\01-01-02-01-01-01-20.mp4,calm,RAVDESS acted emotion,train,female
01-01-02-01-01-02-20,actor-20,01-01-02-01-01-02-20,data\ravdess\Actor_20\01-01-02-01-01-02-20.mp4,calm,RAVDESS acted emotion,train,female
01-01-02-01-02-01-20,actor-20,01-01-02-01-02-01-20,data\ravdess\Actor_20\01-01-02-01-02-01-20.mp4,calm,RAVDESS acted emotion,train,female
01-01-02-01-02-02-20,actor-20,01-01-02-01-02-02-20,data\ravdess\Actor_20\01-01-02-01-02-02-20.mp4,calm,RAVDESS acted emotion,train,female
01-01-02-02-01-01-20,actor-20,01-01-02-02-01-01-20,data\ravdess\Actor_20\01-01-02-02-01-01-20.mp4,calm,RAVDESS acted emotion,train,female
01-01-02-02-01-02-20,actor-20,01-01-02-02-01-02-20,data\ravdess\Actor_20\01-01-02-02-01-02-20.mp4,calm,RAVDESS acted emotion,train,female
01-01-02-02-02-01-20,actor-20,01-01-02-02-02-01-20,data\ravdess\Actor_20\01-01-02-02-02-01-20.mp4,calm,RAVDESS acted emotion,train,female
01-01-02-02-02-02-20,actor-20,01-01-02-02-02-02-20,data\ravdess\Actor_20\01-01-02-02-02-02-20.mp4,calm,RAVDESS acted emotion,train,female
01-01-03-01-01-01-20,actor-20,01-01-03-01-01-01-20,data\ravdess\Actor_20\01-01-03-01-01-01-20.mp4,happy,RAVDESS acted emotion,train,female
01-01-03-01-01-02-20,actor-20,01-01-03-01-01-02-20,data\ravdess\Actor_20\01-01-03-01-01-02-20.mp4,happy,RAVDESS acted emotion,train,female
01-01-03-01-02-01-20,actor-20,01-01-03-01-02-01-20,data\ravdess\Actor_20\01-01-03-01-02-01-20.mp4,happy,RAVDESS acted emotion,train,female
01-01-03-01-02-02-20,actor-20,01-01-03-01-02-02-20,data\ravdess\Actor_20\01-01-03-01-02-02-20.mp4,happy,RAVDESS acted emotion,train,female
01-01-03-02-01-01-20,actor-20,01-01-03-02-01-01-20,data\ravdess\Actor_20\01-01-03-02-01-01-20.mp4,happy,RAVDESS acted emotion,train,female
01-01-03-02-01-02-20,actor-20,01-01-03-02-01-02-20,data\ravdess\Actor_20\01-01-03-02-01-02-20.mp4,happy,RAVDESS acted emotion,train,female
01-01-03-02-02-01-20,actor-20,01-01-03-02-02-01-20,data\ravdess\Actor_20\01-01-03-02-02-01-20.mp4,happy,RAVDESS acted emotion,train,female
01-01-03-02-02-02-20,actor-20,01-01-03-02-02-02-20,data\ravdess\Actor_20\01-01-03-02-02-02-20.mp4,happy,RAVDESS acted emotion,train,female
01-01-04-01-01-01-20,actor-20,01-01-04-01-01-01-20,data\ravdess\Actor_20\01-01-04-01-01-01-20.mp4,sad,RAVDESS acted emotion,train,female
01-01-04-01-01-02-20,actor-20,01-01-04-01-01-02-20,data\ravdess\Actor_20\01-01-04-01-01-02-20.mp4,sad,RAVDESS acted emotion,train,female
01-01-04-01-02-01-20,actor-20,01-01-04-01-02-01-20,data\ravdess\Actor_20\01-01-04-01-02-01-20.mp4,sad,RAVDESS acted emotion,train,female
01-01-04-01-02-02-20,actor-20,01-01-04-01-02-02-20,data\ravdess\Actor_20\01-01-04-01-02-02-20.mp4,sad,RAVDESS acted emotion,train,female
01-01-04-02-01-01-20,actor-20,01-01-04-02-01-01-20,data\ravdess\Actor_20\01-01-04-02-01-01-20.mp4,sad,RAVDESS acted emotion,train,female
01-01-04-02-01-02-20,actor-20,01-01-04-02-01-02-20,data\ravdess\Actor_20\01-01-04-02-01-02-20.mp4,sad,RAVDESS acted emotion,train,female
01-01-04-02-02-01-20,actor-20,01-01-04-02-02-01-20,data\ravdess\Actor_20\01-01-04-02-02-01-20.mp4,sad,RAVDESS acted emotion,train,female
01-01-04-02-02-02-20,actor-20,01-01-04-02-02-02-20,data\ravdess\Actor_20\01-01-04-02-02-02-20.mp4,sad,RAVDESS acted emotion,train,female
01-01-05-01-01-01-20,actor-20,01-01-05-01-01-01-20,data\ravdess\Actor_20\01-01-05-01-01-01-20.mp4,angry,RAVDESS acted emotion,train,female
01-01-05-01-01-02-20,actor-20,01-01-05-01-01-02-20,data\ravdess\Actor_20\01-01-05-01-01-02-20.mp4,angry,RAVDESS acted emotion,train,female
01-01-05-01-02-01-20,actor-20,01-01-05-01-02-01-20,data\ravdess\Actor_20\01-01-05-01-02-01-20.mp4,angry,RAVDESS acted emotion,train,female
01-01-05-01-02-02-20,actor-20,01-01-05-01-02-02-20,data\ravdess\Actor_20\01-01-05-01-02-02-20.mp4,angry,RAVDESS acted emotion,train,female
01-01-05-02-01-01-20,actor-20,01-01-05-02-01-01-20,data\ravdess\Actor_20\01-01-05-02-01-01-20.mp4,angry,RAVDESS acted emotion,train,female
01-01-05-02-01-02-20,actor-20,01-01-05-02-01-02-20,data\ravdess\Actor_20\01-01-05-02-01-02-20.mp4,angry,RAVDESS acted emotion,train,female
01-01-05-02-02-01-20,actor-20,01-01-05-02-02-01-20,data\ravdess\Actor_20\01-01-05-02-02-01-20.mp4,angry,RAVDESS acted emotion,train,female
01-01-05-02-02-02-20,actor-20,01-01-05-02-02-02-20,data\ravdess\Actor_20\01-01-05-02-02-02-20.mp4,angry,RAVDESS acted emotion,train,female
01-01-06-01-01-01-20,actor-20,01-01-06-01-01-01-20,data\ravdess\Actor_20\01-01-06-01-01-01-20.mp4,fearful,RAVDESS acted emotion,train,female
01-01-06-01-01-02-20,actor-20,01-01-06-01-01-02-20,data\ravdess\Actor_20\01-01-06-01-01-02-20.mp4,fearful,RAVDESS acted emotion,train,female
01-01-06-01-02-01-20,actor-20,01-01-06-01-02-01-20,data\ravdess\Actor_20\01-01-06-01-02-01-20.mp4,fearful,RAVDESS acted emotion,train,female
01-01-06-01-02-02-20,actor-20,01-01-06-01-02-02-20,data\ravdess\Actor_20\01-01-06-01-02-02-20.mp4,fearful,RAVDESS acted emotion,train,female
01-01-06-02-01-01-20,actor-20,01-01-06-02-01-01-20,data\ravdess\Actor_20\01-01-06-02-01-01-20.mp4,fearful,RAVDESS acted emotion,train,female
01-01-06-02-01-02-20,actor-20,01-01-06-02-01-02-20,data\ravdess\Actor_20\01-01-06-02-01-02-20.mp4,fearful,RAVDESS acted emotion,train,female
01-01-06-02-02-01-20,actor-20,01-01-06-02-02-01-20,data\ravdess\Actor_20\01-01-06-02-02-01-20.mp4,fearful,RAVDESS acted emotion,train,female
01-01-06-02-02-02-20,actor-20,01-01-06-02-02-02-20,data\ravdess\Actor_20\01-01-06-02-02-02-20.mp4,fearful,RAVDESS acted emotion,train,female
01-01-07-01-01-01-20,actor-20,01-01-07-01-01-01-20,data\ravdess\Actor_20\01-01-07-01-01-01-20.mp4,disgust,RAVDESS acted emotion,train,female
01-01-07-01-01-02-20,actor-20,01-01-07-01-01-02-20,data\ravdess\Actor_20\01-01-07-01-01-02-20.mp4,disgust,RAVDESS acted emotion,train,female
01-01-07-01-02-01-20,actor-20,01-01-07-01-02-01-20,data\ravdess\Actor_20\01-01-07-01-02-01-20.mp4,disgust,RAVDESS acted emotion,train,female
01-01-07-01-02-02-20,actor-20,01-01-07-01-02-02-20,data\ravdess\Actor_20\01-01-07-01-02-02-20.mp4,disgust,RAVDESS acted emotion,train,female
01-01-07-02-01-01-20,actor-20,01-01-07-02-01-01-20,data\ravdess\Actor_20\01-01-07-02-01-01-20.mp4,disgust,RAVDESS acted emotion,train,female
01-01-07-02-01-02-20,actor-20,01-01-07-02-01-02-20,data\ravdess\Actor_20\01-01-07-02-01-02-20.mp4,disgust,RAVDESS acted emotion,train,female
01-01-07-02-02-01-20,actor-20,01-01-07-02-02-01-20,data\ravdess\Actor_20\01-01-07-02-02-01-20.mp4,disgust,RAVDESS acted emotion,train,female
01-01-07-02-02-02-20,actor-20,01-01-07-02-02-02-20,data\ravdess\Actor_20\01-01-07-02-02-02-20.mp4,disgust,RAVDESS acted emotion,train,female
01-01-08-01-01-01-20,actor-20,01-01-08-01-01-01-20,data\ravdess\Actor_20\01-01-08-01-01-01-20.mp4,surprised,RAVDESS acted emotion,train,female
01-01-08-01-01-02-20,actor-20,01-01-08-01-01-02-20,data\ravdess\Actor_20\01-01-08-01-01-02-20.mp4,surprised,RAVDESS acted emotion,train,female
01-01-08-01-02-01-20,actor-20,01-01-08-01-02-01-20,data\ravdess\Actor_20\01-01-08-01-02-01-20.mp4,surprised,RAVDESS acted emotion,train,female
01-01-08-01-02-02-20,actor-20,01-01-08-01-02-02-20,data\ravdess\Actor_20\01-01-08-01-02-02-20.mp4,surprised,RAVDESS acted emotion,train,female
01-01-08-02-01-01-20,actor-20,01-01-08-02-01-01-20,data\ravdess\Actor_20\01-01-08-02-01-01-20.mp4,surprised,RAVDESS acted emotion,train,female
01-01-08-02-01-02-20,actor-20,01-01-08-02-01-02-20,data\ravdess\Actor_20\01-01-08-02-01-02-20.mp4,surprised,RAVDESS acted emotion,train,female
01-01-08-02-02-01-20,actor-20,01-01-08-02-02-01-20,data\ravdess\Actor_20\01-01-08-02-02-01-20.mp4,surprised,RAVDESS acted emotion,train,female
01-01-08-02-02-02-20,actor-20,01-01-08-02-02-02-20,data\ravdess\Actor_20\01-01-08-02-02-02-20.mp4,surprised,RAVDESS acted emotion,train,female
01-01-01-01-01-01-21,actor-21,01-01-01-01-01-01-21,data\ravdess\Actor_21\01-01-01-01-01-01-21.mp4,neutral,RAVDESS acted emotion,test,male
01-01-01-01-01-02-21,actor-21,01-01-01-01-01-02-21,data\ravdess\Actor_21\01-01-01-01-01-02-21.mp4,neutral,RAVDESS acted emotion,test,male
01-01-01-01-02-01-21,actor-21,01-01-01-01-02-01-21,data\ravdess\Actor_21\01-01-01-01-02-01-21.mp4,neutral,RAVDESS acted emotion,test,male
01-01-01-01-02-02-21,actor-21,01-01-01-01-02-02-21,data\ravdess\Actor_21\01-01-01-01-02-02-21.mp4,neutral,RAVDESS acted emotion,test,male
01-01-02-01-01-01-21,actor-21,01-01-02-01-01-01-21,data\ravdess\Actor_21\01-01-02-01-01-01-21.mp4,calm,RAVDESS acted emotion,test,male
01-01-02-01-01-02-21,actor-21,01-01-02-01-01-02-21,data\ravdess\Actor_21\01-01-02-01-01-02-21.mp4,calm,RAVDESS acted emotion,test,male
01-01-02-01-02-01-21,actor-21,01-01-02-01-02-01-21,data\ravdess\Actor_21\01-01-02-01-02-01-21.mp4,calm,RAVDESS acted emotion,test,male
01-01-02-01-02-02-21,actor-21,01-01-02-01-02-02-21,data\ravdess\Actor_21\01-01-02-01-02-02-21.mp4,calm,RAVDESS acted emotion,test,male
01-01-02-02-01-01-21,actor-21,01-01-02-02-01-01-21,data\ravdess\Actor_21\01-01-02-02-01-01-21.mp4,calm,RAVDESS acted emotion,test,male
01-01-02-02-01-02-21,actor-21,01-01-02-02-01-02-21,data\ravdess\Actor_21\01-01-02-02-01-02-21.mp4,calm,RAVDESS acted emotion,test,male
01-01-02-02-02-01-21,actor-21,01-01-02-02-02-01-21,data\ravdess\Actor_21\01-01-02-02-02-01-21.mp4,calm,RAVDESS acted emotion,test,male
01-01-02-02-02-02-21,actor-21,01-01-02-02-02-02-21,data\ravdess\Actor_21\01-01-02-02-02-02-21.mp4,calm,RAVDESS acted emotion,test,male
01-01-03-01-01-01-21,actor-21,01-01-03-01-01-01-21,data\ravdess\Actor_21\01-01-03-01-01-01-21.mp4,happy,RAVDESS acted emotion,test,male
01-01-03-01-01-02-21,actor-21,01-01-03-01-01-02-21,data\ravdess\Actor_21\01-01-03-01-01-02-21.mp4,happy,RAVDESS acted emotion,test,male
01-01-03-01-02-01-21,actor-21,01-01-03-01-02-01-21,data\ravdess\Actor_21\01-01-03-01-02-01-21.mp4,happy,RAVDESS acted emotion,test,male
01-01-03-01-02-02-21,actor-21,01-01-03-01-02-02-21,data\ravdess\Actor_21\01-01-03-01-02-02-21.mp4,happy,RAVDESS acted emotion,test,male
01-01-03-02-01-01-21,actor-21,01-01-03-02-01-01-21,data\ravdess\Actor_21\01-01-03-02-01-01-21.mp4,happy,RAVDESS acted emotion,test,male
01-01-03-02-01-02-21,actor-21,01-01-03-02-01-02-21,data\ravdess\Actor_21\01-01-03-02-01-02-21.mp4,happy,RAVDESS acted emotion,test,male
01-01-03-02-02-01-21,actor-21,01-01-03-02-02-01-21,data\ravdess\Actor_21\01-01-03-02-02-01-21.mp4,happy,RAVDESS acted emotion,test,male
01-01-03-02-02-02-21,actor-21,01-01-03-02-02-02-21,data\ravdess\Actor_21\01-01-03-02-02-02-21.mp4,happy,RAVDESS acted emotion,test,male
01-01-04-01-01-01-21,actor-21,01-01-04-01-01-01-21,data\ravdess\Actor_21\01-01-04-01-01-01-21.mp4,sad,RAVDESS acted emotion,test,male
01-01-04-01-01-02-21,actor-21,01-01-04-01-01-02-21,data\ravdess\Actor_21\01-01-04-01-01-02-21.mp4,sad,RAVDESS acted emotion,test,male
01-01-04-01-02-01-21,actor-21,01-01-04-01-02-01-21,data\ravdess\Actor_21\01-01-04-01-02-01-21.mp4,sad,RAVDESS acted emotion,test,male
01-01-04-01-02-02-21,actor-21,01-01-04-01-02-02-21,data\ravdess\Actor_21\01-01-04-01-02-02-21.mp4,sad,RAVDESS acted emotion,test,male
01-01-04-02-01-01-21,actor-21,01-01-04-02-01-01-21,data\ravdess\Actor_21\01-01-04-02-01-01-21.mp4,sad,RAVDESS acted emotion,test,male
01-01-04-02-01-02-21,actor-21,01-01-04-02-01-02-21,data\ravdess\Actor_21\01-01-04-02-01-02-21.mp4,sad,RAVDESS acted emotion,test,male
01-01-04-02-02-01-21,actor-21,01-01-04-02-02-01-21,data\ravdess\Actor_21\01-01-04-02-02-01-21.mp4,sad,RAVDESS acted emotion,test,male
01-01-04-02-02-02-21,actor-21,01-01-04-02-02-02-21,data\ravdess\Actor_21\01-01-04-02-02-02-21.mp4,sad,RAVDESS acted emotion,test,male
01-01-05-01-01-01-21,actor-21,01-01-05-01-01-01-21,data\ravdess\Actor_21\01-01-05-01-01-01-21.mp4,angry,RAVDESS acted emotion,test,male
01-01-05-01-01-02-21,actor-21,01-01-05-01-01-02-21,data\ravdess\Actor_21\01-01-05-01-01-02-21.mp4,angry,RAVDESS acted emotion,test,male
01-01-05-01-02-01-21,actor-21,01-01-05-01-02-01-21,data\ravdess\Actor_21\01-01-05-01-02-01-21.mp4,angry,RAVDESS acted emotion,test,male
01-01-05-01-02-02-21,actor-21,01-01-05-01-02-02-21,data\ravdess\Actor_21\01-01-05-01-02-02-21.mp4,angry,RAVDESS acted emotion,test,male
01-01-05-02-01-01-21,actor-21,01-01-05-02-01-01-21,data\ravdess\Actor_21\01-01-05-02-01-01-21.mp4,angry,RAVDESS acted emotion,test,male
01-01-05-02-01-02-21,actor-21,01-01-05-02-01-02-21,data\ravdess\Actor_21\01-01-05-02-01-02-21.mp4,angry,RAVDESS acted emotion,test,male
01-01-05-02-02-01-21,actor-21,01-01-05-02-02-01-21,data\ravdess\Actor_21\01-01-05-02-02-01-21.mp4,angry,RAVDESS acted emotion,test,male
01-01-05-02-02-02-21,actor-21,01-01-05-02-02-02-21,data\ravdess\Actor_21\01-01-05-02-02-02-21.mp4,angry,RAVDESS acted emotion,test,male
01-01-06-01-01-01-21,actor-21,01-01-06-01-01-01-21,data\ravdess\Actor_21\01-01-06-01-01-01-21.mp4,fearful,RAVDESS acted emotion,test,male
01-01-06-01-01-02-21,actor-21,01-01-06-01-01-02-21,data\ravdess\Actor_21\01-01-06-01-01-02-21.mp4,fearful,RAVDESS acted emotion,test,male
01-01-06-01-02-01-21,actor-21,01-01-06-01-02-01-21,data\ravdess\Actor_21\01-01-06-01-02-01-21.mp4,fearful,RAVDESS acted emotion,test,male
01-01-06-01-02-02-21,actor-21,01-01-06-01-02-02-21,data\ravdess\Actor_21\01-01-06-01-02-02-21.mp4,fearful,RAVDESS acted emotion,test,male
01-01-06-02-01-01-21,actor-21,01-01-06-02-01-01-21,data\ravdess\Actor_21\01-01-06-02-01-01-21.mp4,fearful,RAVDESS acted emotion,test,male
01-01-06-02-01-02-21,actor-21,01-01-06-02-01-02-21,data\ravdess\Actor_21\01-01-06-02-01-02-21.mp4,fearful,RAVDESS acted emotion,test,male
01-01-06-02-02-01-21,actor-21,01-01-06-02-02-01-21,data\ravdess\Actor_21\01-01-06-02-02-01-21.mp4,fearful,RAVDESS acted emotion,test,male
01-01-06-02-02-02-21,actor-21,01-01-06-02-02-02-21,data\ravdess\Actor_21\01-01-06-02-02-02-21.mp4,fearful,RAVDESS acted emotion,test,male
01-01-07-01-01-01-21,actor-21,01-01-07-01-01-01-21,data\ravdess\Actor_21\01-01-07-01-01-01-21.mp4,disgust,RAVDESS acted emotion,test,male
01-01-07-01-01-02-21,actor-21,01-01-07-01-01-02-21,data\ravdess\Actor_21\01-01-07-01-01-02-21.mp4,disgust,RAVDESS acted emotion,test,male
01-01-07-01-02-01-21,actor-21,01-01-07-01-02-01-21,data\ravdess\Actor_21\01-01-07-01-02-01-21.mp4,disgust,RAVDESS acted emotion,test,male
01-01-07-01-02-02-21,actor-21,01-01-07-01-02-02-21,data\ravdess\Actor_21\01-01-07-01-02-02-21.mp4,disgust,RAVDESS acted emotion,test,male
01-01-07-02-01-01-21,actor-21,01-01-07-02-01-01-21,data\ravdess\Actor_21\01-01-07-02-01-01-21.mp4,disgust,RAVDESS acted emotion,test,male
01-01-07-02-01-02-21,actor-21,01-01-07-02-01-02-21,data\ravdess\Actor_21\01-01-07-02-01-02-21.mp4,disgust,RAVDESS acted emotion,test,male
01-01-07-02-02-01-21,actor-21,01-01-07-02-02-01-21,data\ravdess\Actor_21\01-01-07-02-02-01-21.mp4,disgust,RAVDESS acted emotion,test,male
01-01-07-02-02-02-21,actor-21,01-01-07-02-02-02-21,data\ravdess\Actor_21\01-01-07-02-02-02-21.mp4,disgust,RAVDESS acted emotion,test,male
01-01-08-01-01-01-21,actor-21,01-01-08-01-01-01-21,data\ravdess\Actor_21\01-01-08-01-01-01-21.mp4,surprised,RAVDESS acted emotion,test,male
01-01-08-01-01-02-21,actor-21,01-01-08-01-01-02-21,data\ravdess\Actor_21\01-01-08-01-01-02-21.mp4,surprised,RAVDESS acted emotion,test,male
01-01-08-01-02-01-21,actor-21,01-01-08-01-02-01-21,data\ravdess\Actor_21\01-01-08-01-02-01-21.mp4,surprised,RAVDESS acted emotion,test,male
01-01-08-01-02-02-21,actor-21,01-01-08-01-02-02-21,data\ravdess\Actor_21\01-01-08-01-02-02-21.mp4,surprised,RAVDESS acted emotion,test,male
01-01-08-02-01-01-21,actor-21,01-01-08-02-01-01-21,data\ravdess\Actor_21\01-01-08-02-01-01-21.mp4,surprised,RAVDESS acted emotion,test,male
01-01-08-02-01-02-21,actor-21,01-01-08-02-01-02-21,data\ravdess\Actor_21\01-01-08-02-01-02-21.mp4,surprised,RAVDESS acted emotion,test,male
01-01-08-02-02-01-21,actor-21,01-01-08-02-02-01-21,data\ravdess\Actor_21\01-01-08-02-02-01-21.mp4,surprised,RAVDESS acted emotion,test,male
01-01-08-02-02-02-21,actor-21,01-01-08-02-02-02-21,data\ravdess\Actor_21\01-01-08-02-02-02-21.mp4,surprised,RAVDESS acted emotion,test,male
01-01-01-01-01-01-22,actor-22,01-01-01-01-01-01-22,data\ravdess\Actor_22\01-01-01-01-01-01-22.mp4,neutral,RAVDESS acted emotion,train,female
01-01-01-01-01-02-22,actor-22,01-01-01-01-01-02-22,data\ravdess\Actor_22\01-01-01-01-01-02-22.mp4,neutral,RAVDESS acted emotion,train,female
01-01-01-01-02-01-22,actor-22,01-01-01-01-02-01-22,data\ravdess\Actor_22\01-01-01-01-02-01-22.mp4,neutral,RAVDESS acted emotion,train,female
01-01-01-01-02-02-22,actor-22,01-01-01-01-02-02-22,data\ravdess\Actor_22\01-01-01-01-02-02-22.mp4,neutral,RAVDESS acted emotion,train,female
01-01-02-01-01-01-22,actor-22,01-01-02-01-01-01-22,data\ravdess\Actor_22\01-01-02-01-01-01-22.mp4,calm,RAVDESS acted emotion,train,female
01-01-02-01-01-02-22,actor-22,01-01-02-01-01-02-22,data\ravdess\Actor_22\01-01-02-01-01-02-22.mp4,calm,RAVDESS acted emotion,train,female
01-01-02-01-02-01-22,actor-22,01-01-02-01-02-01-22,data\ravdess\Actor_22\01-01-02-01-02-01-22.mp4,calm,RAVDESS acted emotion,train,female
01-01-02-01-02-02-22,actor-22,01-01-02-01-02-02-22,data\ravdess\Actor_22\01-01-02-01-02-02-22.mp4,calm,RAVDESS acted emotion,train,female
01-01-02-02-01-01-22,actor-22,01-01-02-02-01-01-22,data\ravdess\Actor_22\01-01-02-02-01-01-22.mp4,calm,RAVDESS acted emotion,train,female
01-01-02-02-01-02-22,actor-22,01-01-02-02-01-02-22,data\ravdess\Actor_22\01-01-02-02-01-02-22.mp4,calm,RAVDESS acted emotion,train,female
01-01-02-02-02-01-22,actor-22,01-01-02-02-02-01-22,data\ravdess\Actor_22\01-01-02-02-02-01-22.mp4,calm,RAVDESS acted emotion,train,female
01-01-02-02-02-02-22,actor-22,01-01-02-02-02-02-22,data\ravdess\Actor_22\01-01-02-02-02-02-22.mp4,calm,RAVDESS acted emotion,train,female
01-01-03-01-01-01-22,actor-22,01-01-03-01-01-01-22,data\ravdess\Actor_22\01-01-03-01-01-01-22.mp4,happy,RAVDESS acted emotion,train,female
01-01-03-01-01-02-22,actor-22,01-01-03-01-01-02-22,data\ravdess\Actor_22\01-01-03-01-01-02-22.mp4,happy,RAVDESS acted emotion,train,female
01-01-03-01-02-01-22,actor-22,01-01-03-01-02-01-22,data\ravdess\Actor_22\01-01-03-01-02-01-22.mp4,happy,RAVDESS acted emotion,train,female
01-01-03-01-02-02-22,actor-22,01-01-03-01-02-02-22,data\ravdess\Actor_22\01-01-03-01-02-02-22.mp4,happy,RAVDESS acted emotion,train,female
01-01-03-02-01-01-22,actor-22,01-01-03-02-01-01-22,data\ravdess\Actor_22\01-01-03-02-01-01-22.mp4,happy,RAVDESS acted emotion,train,female
01-01-03-02-01-02-22,actor-22,01-01-03-02-01-02-22,data\ravdess\Actor_22\01-01-03-02-01-02-22.mp4,happy,RAVDESS acted emotion,train,female
01-01-03-02-02-01-22,actor-22,01-01-03-02-02-01-22,data\ravdess\Actor_22\01-01-03-02-02-01-22.mp4,happy,RAVDESS acted emotion,train,female
01-01-03-02-02-02-22,actor-22,01-01-03-02-02-02-22,data\ravdess\Actor_22\01-01-03-02-02-02-22.mp4,happy,RAVDESS acted emotion,train,female
01-01-04-01-01-01-22,actor-22,01-01-04-01-01-01-22,data\ravdess\Actor_22\01-01-04-01-01-01-22.mp4,sad,RAVDESS acted emotion,train,female
01-01-04-01-01-02-22,actor-22,01-01-04-01-01-02-22,data\ravdess\Actor_22\01-01-04-01-01-02-22.mp4,sad,RAVDESS acted emotion,train,female
01-01-04-01-02-01-22,actor-22,01-01-04-01-02-01-22,data\ravdess\Actor_22\01-01-04-01-02-01-22.mp4,sad,RAVDESS acted emotion,train,female
01-01-04-01-02-02-22,actor-22,01-01-04-01-02-02-22,data\ravdess\Actor_22\01-01-04-01-02-02-22.mp4,sad,RAVDESS acted emotion,train,female
01-01-04-02-01-01-22,actor-22,01-01-04-02-01-01-22,data\ravdess\Actor_22\01-01-04-02-01-01-22.mp4,sad,RAVDESS acted emotion,train,female
01-01-04-02-01-02-22,actor-22,01-01-04-02-01-02-22,data\ravdess\Actor_22\01-01-04-02-01-02-22.mp4,sad,RAVDESS acted emotion,train,female
01-01-04-02-02-01-22,actor-22,01-01-04-02-02-01-22,data\ravdess\Actor_22\01-01-04-02-02-01-22.mp4,sad,RAVDESS acted emotion,train,female
01-01-04-02-02-02-22,actor-22,01-01-04-02-02-02-22,data\ravdess\Actor_22\01-01-04-02-02-02-22.mp4,sad,RAVDESS acted emotion,train,female
01-01-05-01-01-01-22,actor-22,01-01-05-01-01-01-22,data\ravdess\Actor_22\01-01-05-01-01-01-22.mp4,angry,RAVDESS acted emotion,train,female
01-01-05-01-01-02-22,actor-22,01-01-05-01-01-02-22,data\ravdess\Actor_22\01-01-05-01-01-02-22.mp4,angry,RAVDESS acted emotion,train,female
01-01-05-01-02-01-22,actor-22,01-01-05-01-02-01-22,data\ravdess\Actor_22\01-01-05-01-02-01-22.mp4,angry,RAVDESS acted emotion,train,female
01-01-05-01-02-02-22,actor-22,01-01-05-01-02-02-22,data\ravdess\Actor_22\01-01-05-01-02-02-22.mp4,angry,RAVDESS acted emotion,train,female
01-01-05-02-01-01-22,actor-22,01-01-05-02-01-01-22,data\ravdess\Actor_22\01-01-05-02-01-01-22.mp4,angry,RAVDESS acted emotion,train,female
01-01-05-02-01-02-22,actor-22,01-01-05-02-01-02-22,data\ravdess\Actor_22\01-01-05-02-01-02-22.mp4,angry,RAVDESS acted emotion,train,female
01-01-05-02-02-01-22,actor-22,01-01-05-02-02-01-22,data\ravdess\Actor_22\01-01-05-02-02-01-22.mp4,angry,RAVDESS acted emotion,train,female
01-01-05-02-02-02-22,actor-22,01-01-05-02-02-02-22,data\ravdess\Actor_22\01-01-05-02-02-02-22.mp4,angry,RAVDESS acted emotion,train,female
01-01-06-01-01-01-22,actor-22,01-01-06-01-01-01-22,data\ravdess\Actor_22\01-01-06-01-01-01-22.mp4,fearful,RAVDESS acted emotion,train,female
01-01-06-01-01-02-22,actor-22,01-01-06-01-01-02-22,data\ravdess\Actor_22\01-01-06-01-01-02-22.mp4,fearful,RAVDESS acted emotion,train,female
01-01-06-01-02-01-22,actor-22,01-01-06-01-02-01-22,data\ravdess\Actor_22\01-01-06-01-02-01-22.mp4,fearful,RAVDESS acted emotion,train,female
01-01-06-01-02-02-22,actor-22,01-01-06-01-02-02-22,data\ravdess\Actor_22\01-01-06-01-02-02-22.mp4,fearful,RAVDESS acted emotion,train,female
01-01-06-02-01-01-22,actor-22,01-01-06-02-01-01-22,data\ravdess\Actor_22\01-01-06-02-01-01-22.mp4,fearful,RAVDESS acted emotion,train,female
01-01-06-02-01-02-22,actor-22,01-01-06-02-01-02-22,data\ravdess\Actor_22\01-01-06-02-01-02-22.mp4,fearful,RAVDESS acted emotion,train,female
01-01-06-02-02-01-22,actor-22,01-01-06-02-02-01-22,data\ravdess\Actor_22\01-01-06-02-02-01-22.mp4,fearful,RAVDESS acted emotion,train,female
01-01-06-02-02-02-22,actor-22,01-01-06-02-02-02-22,data\ravdess\Actor_22\01-01-06-02-02-02-22.mp4,fearful,RAVDESS acted emotion,train,female
01-01-07-01-01-01-22,actor-22,01-01-07-01-01-01-22,data\ravdess\Actor_22\01-01-07-01-01-01-22.mp4,disgust,RAVDESS acted emotion,train,female
01-01-07-01-01-02-22,actor-22,01-01-07-01-01-02-22,data\ravdess\Actor_22\01-01-07-01-01-02-22.mp4,disgust,RAVDESS acted emotion,train,female
01-01-07-01-02-01-22,actor-22,01-01-07-01-02-01-22,data\ravdess\Actor_22\01-01-07-01-02-01-22.mp4,disgust,RAVDESS acted emotion,train,female
01-01-07-01-02-02-22,actor-22,01-01-07-01-02-02-22,data\ravdess\Actor_22\01-01-07-01-02-02-22.mp4,disgust,RAVDESS acted emotion,train,female
01-01-07-02-01-01-22,actor-22,01-01-07-02-01-01-22,data\ravdess\Actor_22\01-01-07-02-01-01-22.mp4,disgust,RAVDESS acted emotion,train,female
01-01-07-02-01-02-22,actor-22,01-01-07-02-01-02-22,data\ravdess\Actor_22\01-01-07-02-01-02-22.mp4,disgust,RAVDESS acted emotion,train,female
01-01-07-02-02-01-22,actor-22,01-01-07-02-02-01-22,data\ravdess\Actor_22\01-01-07-02-02-01-22.mp4,disgust,RAVDESS acted emotion,train,female
01-01-07-02-02-02-22,actor-22,01-01-07-02-02-02-22,data\ravdess\Actor_22\01-01-07-02-02-02-22.mp4,disgust,RAVDESS acted emotion,train,female
01-01-08-01-01-01-22,actor-22,01-01-08-01-01-01-22,data\ravdess\Actor_22\01-01-08-01-01-01-22.mp4,surprised,RAVDESS acted emotion,train,female
01-01-08-01-01-02-22,actor-22,01-01-08-01-01-02-22,data\ravdess\Actor_22\01-01-08-01-01-02-22.mp4,surprised,RAVDESS acted emotion,train,female
01-01-08-01-02-01-22,actor-22,01-01-08-01-02-01-22,data\ravdess\Actor_22\01-01-08-01-02-01-22.mp4,surprised,RAVDESS acted emotion,train,female
01-01-08-01-02-02-22,actor-22,01-01-08-01-02-02-22,data\ravdess\Actor_22\01-01-08-01-02-02-22.mp4,surprised,RAVDESS acted emotion,train,female
01-01-08-02-01-01-22,actor-22,01-01-08-02-01-01-22,data\ravdess\Actor_22\01-01-08-02-01-01-22.mp4,surprised,RAVDESS acted emotion,train,female
01-01-08-02-01-02-22,actor-22,01-01-08-02-01-02-22,data\ravdess\Actor_22\01-01-08-02-01-02-22.mp4,surprised,RAVDESS acted emotion,train,female
01-01-08-02-02-01-22,actor-22,01-01-08-02-02-01-22,data\ravdess\Actor_22\01-01-08-02-02-01-22.mp4,surprised,RAVDESS acted emotion,train,female
01-01-08-02-02-02-22,actor-22,01-01-08-02-02-02-22,data\ravdess\Actor_22\01-01-08-02-02-02-22.mp4,surprised,RAVDESS acted emotion,train,female
01-01-01-01-01-01-23,actor-23,01-01-01-01-01-01-23,data\ravdess\Actor_23\01-01-01-01-01-01-23.mp4,neutral,RAVDESS acted emotion,train,male
01-01-01-01-01-02-23,actor-23,01-01-01-01-01-02-23,data\ravdess\Actor_23\01-01-01-01-01-02-23.mp4,neutral,RAVDESS acted emotion,train,male
01-01-01-01-02-01-23,actor-23,01-01-01-01-02-01-23,data\ravdess\Actor_23\01-01-01-01-02-01-23.mp4,neutral,RAVDESS acted emotion,train,male
01-01-01-01-02-02-23,actor-23,01-01-01-01-02-02-23,data\ravdess\Actor_23\01-01-01-01-02-02-23.mp4,neutral,RAVDESS acted emotion,train,male
01-01-02-01-01-01-23,actor-23,01-01-02-01-01-01-23,data\ravdess\Actor_23\01-01-02-01-01-01-23.mp4,calm,RAVDESS acted emotion,train,male
01-01-02-01-01-02-23,actor-23,01-01-02-01-01-02-23,data\ravdess\Actor_23\01-01-02-01-01-02-23.mp4,calm,RAVDESS acted emotion,train,male
01-01-02-01-02-01-23,actor-23,01-01-02-01-02-01-23,data\ravdess\Actor_23\01-01-02-01-02-01-23.mp4,calm,RAVDESS acted emotion,train,male
01-01-02-01-02-02-23,actor-23,01-01-02-01-02-02-23,data\ravdess\Actor_23\01-01-02-01-02-02-23.mp4,calm,RAVDESS acted emotion,train,male
01-01-02-02-01-01-23,actor-23,01-01-02-02-01-01-23,data\ravdess\Actor_23\01-01-02-02-01-01-23.mp4,calm,RAVDESS acted emotion,train,male
01-01-02-02-01-02-23,actor-23,01-01-02-02-01-02-23,data\ravdess\Actor_23\01-01-02-02-01-02-23.mp4,calm,RAVDESS acted emotion,train,male
01-01-02-02-02-01-23,actor-23,01-01-02-02-02-01-23,data\ravdess\Actor_23\01-01-02-02-02-01-23.mp4,calm,RAVDESS acted emotion,train,male
01-01-02-02-02-02-23,actor-23,01-01-02-02-02-02-23,data\ravdess\Actor_23\01-01-02-02-02-02-23.mp4,calm,RAVDESS acted emotion,train,male
01-01-03-01-01-01-23,actor-23,01-01-03-01-01-01-23,data\ravdess\Actor_23\01-01-03-01-01-01-23.mp4,happy,RAVDESS acted emotion,train,male
01-01-03-01-01-02-23,actor-23,01-01-03-01-01-02-23,data\ravdess\Actor_23\01-01-03-01-01-02-23.mp4,happy,RAVDESS acted emotion,train,male
01-01-03-01-02-01-23,actor-23,01-01-03-01-02-01-23,data\ravdess\Actor_23\01-01-03-01-02-01-23.mp4,happy,RAVDESS acted emotion,train,male
01-01-03-01-02-02-23,actor-23,01-01-03-01-02-02-23,data\ravdess\Actor_23\01-01-03-01-02-02-23.mp4,happy,RAVDESS acted emotion,train,male
01-01-03-02-01-01-23,actor-23,01-01-03-02-01-01-23,data\ravdess\Actor_23\01-01-03-02-01-01-23.mp4,happy,RAVDESS acted emotion,train,male
01-01-03-02-01-02-23,actor-23,01-01-03-02-01-02-23,data\ravdess\Actor_23\01-01-03-02-01-02-23.mp4,happy,RAVDESS acted emotion,train,male
01-01-03-02-02-01-23,actor-23,01-01-03-02-02-01-23,data\ravdess\Actor_23\01-01-03-02-02-01-23.mp4,happy,RAVDESS acted emotion,train,male
01-01-03-02-02-02-23,actor-23,01-01-03-02-02-02-23,data\ravdess\Actor_23\01-01-03-02-02-02-23.mp4,happy,RAVDESS acted emotion,train,male
01-01-04-01-01-01-23,actor-23,01-01-04-01-01-01-23,data\ravdess\Actor_23\01-01-04-01-01-01-23.mp4,sad,RAVDESS acted emotion,train,male
01-01-04-01-01-02-23,actor-23,01-01-04-01-01-02-23,data\ravdess\Actor_23\01-01-04-01-01-02-23.mp4,sad,RAVDESS acted emotion,train,male
01-01-04-01-02-01-23,actor-23,01-01-04-01-02-01-23,data\ravdess\Actor_23\01-01-04-01-02-01-23.mp4,sad,RAVDESS acted emotion,train,male
01-01-04-01-02-02-23,actor-23,01-01-04-01-02-02-23,data\ravdess\Actor_23\01-01-04-01-02-02-23.mp4,sad,RAVDESS acted emotion,train,male
01-01-04-02-01-01-23,actor-23,01-01-04-02-01-01-23,data\ravdess\Actor_23\01-01-04-02-01-01-23.mp4,sad,RAVDESS acted emotion,train,male
01-01-04-02-01-02-23,actor-23,01-01-04-02-01-02-23,data\ravdess\Actor_23\01-01-04-02-01-02-23.mp4,sad,RAVDESS acted emotion,train,male
01-01-04-02-02-01-23,actor-23,01-01-04-02-02-01-23,data\ravdess\Actor_23\01-01-04-02-02-01-23.mp4,sad,RAVDESS acted emotion,train,male
01-01-04-02-02-02-23,actor-23,01-01-04-02-02-02-23,data\ravdess\Actor_23\01-01-04-02-02-02-23.mp4,sad,RAVDESS acted emotion,train,male
01-01-05-01-01-01-23,actor-23,01-01-05-01-01-01-23,data\ravdess\Actor_23\01-01-05-01-01-01-23.mp4,angry,RAVDESS acted emotion,train,male
01-01-05-01-01-02-23,actor-23,01-01-05-01-01-02-23,data\ravdess\Actor_23\01-01-05-01-01-02-23.mp4,angry,RAVDESS acted emotion,train,male
01-01-05-01-02-01-23,actor-23,01-01-05-01-02-01-23,data\ravdess\Actor_23\01-01-05-01-02-01-23.mp4,angry,RAVDESS acted emotion,train,male
01-01-05-01-02-02-23,actor-23,01-01-05-01-02-02-23,data\ravdess\Actor_23\01-01-05-01-02-02-23.mp4,angry,RAVDESS acted emotion,train,male
01-01-05-02-01-01-23,actor-23,01-01-05-02-01-01-23,data\ravdess\Actor_23\01-01-05-02-01-01-23.mp4,angry,RAVDESS acted emotion,train,male
01-01-05-02-01-02-23,actor-23,01-01-05-02-01-02-23,data\ravdess\Actor_23\01-01-05-02-01-02-23.mp4,angry,RAVDESS acted emotion,train,male
01-01-05-02-02-01-23,actor-23,01-01-05-02-02-01-23,data\ravdess\Actor_23\01-01-05-02-02-01-23.mp4,angry,RAVDESS acted emotion,train,male
01-01-05-02-02-02-23,actor-23,01-01-05-02-02-02-23,data\ravdess\Actor_23\01-01-05-02-02-02-23.mp4,angry,RAVDESS acted emotion,train,male
01-01-06-01-01-01-23,actor-23,01-01-06-01-01-01-23,data\ravdess\Actor_23\01-01-06-01-01-01-23.mp4,fearful,RAVDESS acted emotion,train,male
01-01-06-01-01-02-23,actor-23,01-01-06-01-01-02-23,data\ravdess\Actor_23\01-01-06-01-01-02-23.mp4,fearful,RAVDESS acted emotion,train,male
01-01-06-01-02-01-23,actor-23,01-01-06-01-02-01-23,data\ravdess\Actor_23\01-01-06-01-02-01-23.mp4,fearful,RAVDESS acted emotion,train,male
01-01-06-01-02-02-23,actor-23,01-01-06-01-02-02-23,data\ravdess\Actor_23\01-01-06-01-02-02-23.mp4,fearful,RAVDESS acted emotion,train,male
01-01-06-02-01-01-23,actor-23,01-01-06-02-01-01-23,data\ravdess\Actor_23\01-01-06-02-01-01-23.mp4,fearful,RAVDESS acted emotion,train,male
01-01-06-02-01-02-23,actor-23,01-01-06-02-01-02-23,data\ravdess\Actor_23\01-01-06-02-01-02-23.mp4,fearful,RAVDESS acted emotion,train,male
01-01-06-02-02-01-23,actor-23,01-01-06-02-02-01-23,data\ravdess\Actor_23\01-01-06-02-02-01-23.mp4,fearful,RAVDESS acted emotion,train,male
01-01-06-02-02-02-23,actor-23,01-01-06-02-02-02-23,data\ravdess\Actor_23\01-01-06-02-02-02-23.mp4,fearful,RAVDESS acted emotion,train,male
01-01-07-01-01-01-23,actor-23,01-01-07-01-01-01-23,data\ravdess\Actor_23\01-01-07-01-01-01-23.mp4,disgust,RAVDESS acted emotion,train,male
01-01-07-01-01-02-23,actor-23,01-01-07-01-01-02-23,data\ravdess\Actor_23\01-01-07-01-01-02-23.mp4,disgust,RAVDESS acted emotion,train,male
01-01-07-01-02-01-23,actor-23,01-01-07-01-02-01-23,data\ravdess\Actor_23\01-01-07-01-02-01-23.mp4,disgust,RAVDESS acted emotion,train,male
01-01-07-01-02-02-23,actor-23,01-01-07-01-02-02-23,data\ravdess\Actor_23\01-01-07-01-02-02-23.mp4,disgust,RAVDESS acted emotion,train,male
01-01-07-02-01-01-23,actor-23,01-01-07-02-01-01-23,data\ravdess\Actor_23\01-01-07-02-01-01-23.mp4,disgust,RAVDESS acted emotion,train,male
01-01-07-02-01-02-23,actor-23,01-01-07-02-01-02-23,data\ravdess\Actor_23\01-01-07-02-01-02-23.mp4,disgust,RAVDESS acted emotion,train,male
01-01-07-02-02-01-23,actor-23,01-01-07-02-02-01-23,data\ravdess\Actor_23\01-01-07-02-02-01-23.mp4,disgust,RAVDESS acted emotion,train,male
01-01-07-02-02-02-23,actor-23,01-01-07-02-02-02-23,data\ravdess\Actor_23\01-01-07-02-02-02-23.mp4,disgust,RAVDESS acted emotion,train,male
01-01-08-01-01-01-23,actor-23,01-01-08-01-01-01-23,data\ravdess\Actor_23\01-01-08-01-01-01-23.mp4,surprised,RAVDESS acted emotion,train,male
01-01-08-01-01-02-23,actor-23,01-01-08-01-01-02-23,data\ravdess\Actor_23\01-01-08-01-01-02-23.mp4,surprised,RAVDESS acted emotion,train,male
01-01-08-01-02-01-23,actor-23,01-01-08-01-02-01-23,data\ravdess\Actor_23\01-01-08-01-02-01-23.mp4,surprised,RAVDESS acted emotion,train,male
01-01-08-01-02-02-23,actor-23,01-01-08-01-02-02-23,data\ravdess\Actor_23\01-01-08-01-02-02-23.mp4,surprised,RAVDESS acted emotion,train,male
01-01-08-02-01-01-23,actor-23,01-01-08-02-01-01-23,data\ravdess\Actor_23\01-01-08-02-01-01-23.mp4,surprised,RAVDESS acted emotion,train,male
01-01-08-02-01-02-23,actor-23,01-01-08-02-01-02-23,data\ravdess\Actor_23\01-01-08-02-01-02-23.mp4,surprised,RAVDESS acted emotion,train,male
01-01-08-02-02-01-23,actor-23,01-01-08-02-02-01-23,data\ravdess\Actor_23\01-01-08-02-02-01-23.mp4,surprised,RAVDESS acted emotion,train,male
01-01-08-02-02-02-23,actor-23,01-01-08-02-02-02-23,data\ravdess\Actor_23\01-01-08-02-02-02-23.mp4,surprised,RAVDESS acted emotion,train,male
01-01-01-01-01-01-24,actor-24,01-01-01-01-01-01-24,data\ravdess\Actor_24\01-01-01-01-01-01-24.mp4,neutral,RAVDESS acted emotion,test,female
01-01-01-01-01-02-24,actor-24,01-01-01-01-01-02-24,data\ravdess\Actor_24\01-01-01-01-01-02-24.mp4,neutral,RAVDESS acted emotion,test,female
01-01-01-01-02-01-24,actor-24,01-01-01-01-02-01-24,data\ravdess\Actor_24\01-01-01-01-02-01-24.mp4,neutral,RAVDESS acted emotion,test,female
01-01-01-01-02-02-24,actor-24,01-01-01-01-02-02-24,data\ravdess\Actor_24\01-01-01-01-02-02-24.mp4,neutral,RAVDESS acted emotion,test,female
01-01-02-01-01-01-24,actor-24,01-01-02-01-01-01-24,data\ravdess\Actor_24\01-01-02-01-01-01-24.mp4,calm,RAVDESS acted emotion,test,female
01-01-02-01-01-02-24,actor-24,01-01-02-01-01-02-24,data\ravdess\Actor_24\01-01-02-01-01-02-24.mp4,calm,RAVDESS acted emotion,test,female
01-01-02-01-02-01-24,actor-24,01-01-02-01-02-01-24,data\ravdess\Actor_24\01-01-02-01-02-01-24.mp4,calm,RAVDESS acted emotion,test,female
01-01-02-01-02-02-24,actor-24,01-01-02-01-02-02-24,data\ravdess\Actor_24\01-01-02-01-02-02-24.mp4,calm,RAVDESS acted emotion,test,female
01-01-02-02-01-01-24,actor-24,01-01-02-02-01-01-24,data\ravdess\Actor_24\01-01-02-02-01-01-24.mp4,calm,RAVDESS acted emotion,test,female
01-01-02-02-01-02-24,actor-24,01-01-02-02-01-02-24,data\ravdess\Actor_24\01-01-02-02-01-02-24.mp4,calm,RAVDESS acted emotion,test,female
01-01-02-02-02-01-24,actor-24,01-01-02-02-02-01-24,data\ravdess\Actor_24\01-01-02-02-02-01-24.mp4,calm,RAVDESS acted emotion,test,female
01-01-02-02-02-02-24,actor-24,01-01-02-02-02-02-24,data\ravdess\Actor_24\01-01-02-02-02-02-24.mp4,calm,RAVDESS acted emotion,test,female
01-01-03-01-01-01-24,actor-24,01-01-03-01-01-01-24,data\ravdess\Actor_24\01-01-03-01-01-01-24.mp4,happy,RAVDESS acted emotion,test,female
01-01-03-01-01-02-24,actor-24,01-01-03-01-01-02-24,data\ravdess\Actor_24\01-01-03-01-01-02-24.mp4,happy,RAVDESS acted emotion,test,female
01-01-03-01-02-01-24,actor-24,01-01-03-01-02-01-24,data\ravdess\Actor_24\01-01-03-01-02-01-24.mp4,happy,RAVDESS acted emotion,test,female
01-01-03-01-02-02-24,actor-24,01-01-03-01-02-02-24,data\ravdess\Actor_24\01-01-03-01-02-02-24.mp4,happy,RAVDESS acted emotion,test,female
01-01-03-02-01-01-24,actor-24,01-01-03-02-01-01-24,data\ravdess\Actor_24\01-01-03-02-01-01-24.mp4,happy,RAVDESS acted emotion,test,female
01-01-03-02-01-02-24,actor-24,01-01-03-02-01-02-24,data\ravdess\Actor_24\01-01-03-02-01-02-24.mp4,happy,RAVDESS acted emotion,test,female
01-01-03-02-02-01-24,actor-24,01-01-03-02-02-01-24,data\ravdess\Actor_24\01-01-03-02-02-01-24.mp4,happy,RAVDESS acted emotion,test,female
01-01-03-02-02-02-24,actor-24,01-01-03-02-02-02-24,data\ravdess\Actor_24\01-01-03-02-02-02-24.mp4,happy,RAVDESS acted emotion,test,female
01-01-04-01-01-01-24,actor-24,01-01-04-01-01-01-24,data\ravdess\Actor_24\01-01-04-01-01-01-24.mp4,sad,RAVDESS acted emotion,test,female
01-01-04-01-01-02-24,actor-24,01-01-04-01-01-02-24,data\ravdess\Actor_24\01-01-04-01-01-02-24.mp4,sad,RAVDESS acted emotion,test,female
01-01-04-01-02-01-24,actor-24,01-01-04-01-02-01-24,data\ravdess\Actor_24\01-01-04-01-02-01-24.mp4,sad,RAVDESS acted emotion,test,female
01-01-04-01-02-02-24,actor-24,01-01-04-01-02-02-24,data\ravdess\Actor_24\01-01-04-01-02-02-24.mp4,sad,RAVDESS acted emotion,test,female
01-01-04-02-01-01-24,actor-24,01-01-04-02-01-01-24,data\ravdess\Actor_24\01-01-04-02-01-01-24.mp4,sad,RAVDESS acted emotion,test,female
01-01-04-02-01-02-24,actor-24,01-01-04-02-01-02-24,data\ravdess\Actor_24\01-01-04-02-01-02-24.mp4,sad,RAVDESS acted emotion,test,female
01-01-04-02-02-01-24,actor-24,01-01-04-02-02-01-24,data\ravdess\Actor_24\01-01-04-02-02-01-24.mp4,sad,RAVDESS acted emotion,test,female
01-01-04-02-02-02-24,actor-24,01-01-04-02-02-02-24,data\ravdess\Actor_24\01-01-04-02-02-02-24.mp4,sad,RAVDESS acted emotion,test,female
01-01-05-01-01-01-24,actor-24,01-01-05-01-01-01-24,data\ravdess\Actor_24\01-01-05-01-01-01-24.mp4,angry,RAVDESS acted emotion,test,female
01-01-05-01-01-02-24,actor-24,01-01-05-01-01-02-24,data\ravdess\Actor_24\01-01-05-01-01-02-24.mp4,angry,RAVDESS acted emotion,test,female
01-01-05-01-02-01-24,actor-24,01-01-05-01-02-01-24,data\ravdess\Actor_24\01-01-05-01-02-01-24.mp4,angry,RAVDESS acted emotion,test,female
01-01-05-01-02-02-24,actor-24,01-01-05-01-02-02-24,data\ravdess\Actor_24\01-01-05-01-02-02-24.mp4,angry,RAVDESS acted emotion,test,female
01-01-05-02-01-01-24,actor-24,01-01-05-02-01-01-24,data\ravdess\Actor_24\01-01-05-02-01-01-24.mp4,angry,RAVDESS acted emotion,test,female
01-01-05-02-01-02-24,actor-24,01-01-05-02-01-02-24,data\ravdess\Actor_24\01-01-05-02-01-02-24.mp4,angry,RAVDESS acted emotion,test,female
01-01-05-02-02-01-24,actor-24,01-01-05-02-02-01-24,data\ravdess\Actor_24\01-01-05-02-02-01-24.mp4,angry,RAVDESS acted emotion,test,female
01-01-05-02-02-02-24,actor-24,01-01-05-02-02-02-24,data\ravdess\Actor_24\01-01-05-02-02-02-24.mp4,angry,RAVDESS acted emotion,test,female
01-01-06-01-01-01-24,actor-24,01-01-06-01-01-01-24,data\ravdess\Actor_24\01-01-06-01-01-01-24.mp4,fearful,RAVDESS acted emotion,test,female
01-01-06-01-01-02-24,actor-24,01-01-06-01-01-02-24,data\ravdess\Actor_24\01-01-06-01-01-02-24.mp4,fearful,RAVDESS acted emotion,test,female
01-01-06-01-02-01-24,actor-24,01-01-06-01-02-01-24,data\ravdess\Actor_24\01-01-06-01-02-01-24.mp4,fearful,RAVDESS acted emotion,test,female
01-01-06-01-02-02-24,actor-24,01-01-06-01-02-02-24,data\ravdess\Actor_24\01-01-06-01-02-02-24.mp4,fearful,RAVDESS acted emotion,test,female
01-01-06-02-01-01-24,actor-24,01-01-06-02-01-01-24,data\ravdess\Actor_24\01-01-06-02-01-01-24.mp4,fearful,RAVDESS acted emotion,test,female
01-01-06-02-01-02-24,actor-24,01-01-06-02-01-02-24,data\ravdess\Actor_24\01-01-06-02-01-02-24.mp4,fearful,RAVDESS acted emotion,test,female
01-01-06-02-02-01-24,actor-24,01-01-06-02-02-01-24,data\ravdess\Actor_24\01-01-06-02-02-01-24.mp4,fearful,RAVDESS acted emotion,test,female
01-01-06-02-02-02-24,actor-24,01-01-06-02-02-02-24,data\ravdess\Actor_24\01-01-06-02-02-02-24.mp4,fearful,RAVDESS acted emotion,test,female
01-01-07-01-01-01-24,actor-24,01-01-07-01-01-01-24,data\ravdess\Actor_24\01-01-07-01-01-01-24.mp4,disgust,RAVDESS acted emotion,test,female
01-01-07-01-01-02-24,actor-24,01-01-07-01-01-02-24,data\ravdess\Actor_24\01-01-07-01-01-02-24.mp4,disgust,RAVDESS acted emotion,test,female
01-01-07-01-02-01-24,actor-24,01-01-07-01-02-01-24,data\ravdess\Actor_24\01-01-07-01-02-01-24.mp4,disgust,RAVDESS acted emotion,test,female
01-01-07-01-02-02-24,actor-24,01-01-07-01-02-02-24,data\ravdess\Actor_24\01-01-07-01-02-02-24.mp4,disgust,RAVDESS acted emotion,test,female
01-01-07-02-01-01-24,actor-24,01-01-07-02-01-01-24,data\ravdess\Actor_24\01-01-07-02-01-01-24.mp4,disgust,RAVDESS acted emotion,test,female
01-01-07-02-01-02-24,actor-24,01-01-07-02-01-02-24,data\ravdess\Actor_24\01-01-07-02-01-02-24.mp4,disgust,RAVDESS acted emotion,test,female
01-01-07-02-02-01-24,actor-24,01-01-07-02-02-01-24,data\ravdess\Actor_24\01-01-07-02-02-01-24.mp4,disgust,RAVDESS acted emotion,test,female
01-01-07-02-02-02-24,actor-24,01-01-07-02-02-02-24,data\ravdess\Actor_24\01-01-07-02-02-02-24.mp4,disgust,RAVDESS acted emotion,test,female
01-01-08-01-01-01-24,actor-24,01-01-08-01-01-01-24,data\ravdess\Actor_24\01-01-08-01-01-01-24.mp4,surprised,RAVDESS acted emotion,test,female
01-01-08-01-01-02-24,actor-24,01-01-08-01-01-02-24,data\ravdess\Actor_24\01-01-08-01-01-02-24.mp4,surprised,RAVDESS acted emotion,test,female
01-01-08-01-02-01-24,actor-24,01-01-08-01-02-01-24,data\ravdess\Actor_24\01-01-08-01-02-01-24.mp4,surprised,RAVDESS acted emotion,test,female
01-01-08-01-02-02-24,actor-24,01-01-08-01-02-02-24,data\ravdess\Actor_24\01-01-08-01-02-02-24.mp4,surprised,RAVDESS acted emotion,test,female
01-01-08-02-01-01-24,actor-24,01-01-08-02-01-01-24,data\ravdess\Actor_24\01-01-08-02-01-01-24.mp4,surprised,RAVDESS acted emotion,test,female
01-01-08-02-01-02-24,actor-24,01-01-08-02-01-02-24,data\ravdess\Actor_24\01-01-08-02-01-02-24.mp4,surprised,RAVDESS acted emotion,test,female
01-01-08-02-02-01-24,actor-24,01-01-08-02-02-01-24,data\ravdess\Actor_24\01-01-08-02-02-01-24.mp4,surprised,RAVDESS acted emotion,test,female
01-01-08-02-02-02-24,actor-24,01-01-08-02-02-02-24,data\ravdess\Actor_24\01-01-08-02-02-02-24.mp4,surprised,RAVDESS acted emotion,test,female
